# Wavefront Obj file
# 
# verts: 915 uv-s: 1520
mtllib Ruda_final.mtl

g KAMEN

v -58.491768 58.582561 -98.248672
v -35.212769 118.683502 -92.421204
v -54.298576 110.165253 -100.118652
v -62.907883 71.603432 -105.832352
v -61.229908 61.978523 -99.942223
v -59.266983 93.441772 -104.775482
v -61.960896 86.351402 -109.471123
v -28.087826 110.028076 -85.824036
v -48.626957 106.871246 -93.578674
v -19.336180 93.828941 -77.206635
v -9.213827 90.764206 -87.492775
v -11.818668 73.618416 -80.588959
v -23.390732 82.396912 -73.750641
v -59.184425 77.978409 -100.737488
v -40.330727 85.142235 -80.079941
v -55.749462 81.497139 -94.201248
v -11.262446 61.442764 -83.433807
v -39.932255 27.175997 -44.280415
v -34.097290 35.572842 -45.626686
v -28.653212 61.502045 -71.058777
v -31.146576 48.813240 -49.520611
v -25.376379 63.549820 -75.321762
v -57.265381 64.031693 -91.497772
v -40.396484 68.538513 -75.098915
v -55.684917 65.911423 -88.300064
v -65.028107 55.883518 -81.668686
v -61.883293 61.474937 -80.692116
v -60.975456 61.922894 -76.861938
v -66.080910 51.448311 -68.469048
v -64.084457 33.910210 -54.311893
v -66.457825 40.474289 -52.200104
v -53.992004 36.250900 -43.858826
v -27.385643 19.283028 -48.228577
v -52.143288 42.934238 -41.480682
v -18.137386 28.679560 -53.217133
v -47.122498 64.957115 -65.032005
v -14.526538 55.983982 -71.405823
v -19.711176 46.220863 -54.159981
v -43.893330 51.581017 -44.552010
v -59.178551 46.889286 -114.889328
v -56.761875 50.943226 -118.044914
v -58.288673 56.408195 -103.284538
v -63.572651 51.205257 -97.066475
v -66.103203 27.844166 -85.783417
v -66.309845 30.034344 -76.211525
v -66.663696 33.262920 -67.035347
v -63.145481 21.695606 -95.448082
v -60.519226 54.648201 -119.103928
v -60.567711 66.480835 -124.308228
v -59.350567 84.174347 -126.781487
v -57.022480 78.111404 -143.235306
v -52.464401 115.169098 -105.980324
v -37.054016 120.841240 -96.711884
v -6.989096 102.761818 -102.581947
v -22.735836 118.039047 -103.027176
v -26.504396 121.103859 -103.958817
v -52.536858 36.219864 -128.094147
v -57.800087 11.487560 -103.250977
v -56.313568 11.017784 -85.490593
v -48.725868 42.133045 -129.836182
v -62.260517 24.743050 -145.653809
v -50.233147 42.475101 -137.095993
v -58.230118 7.106174 -136.032059
v -46.556599 40.362984 -131.673645
v -46.674072 7.399986 -188.928345
v -49.149448 37.705257 -175.230560
v -40.438026 52.319317 -157.479187
v -63.326149 20.278028 -173.581772
v -61.463318 9.895241 -178.548126
v -28.694338 49.059902 -170.739532
v -32.967346 36.627785 -185.495300
v -26.859669 59.240150 -154.004395
v -36.562210 57.211464 -152.775925
v -56.487976 21.196888 -137.283524
v -53.477161 4.134167 -92.778763
v -60.169388 1.542065 -170.292969
v -44.208355 0.718155 -119.780212
v -62.845200 13.314054 -157.378326
v -57.181675 -3.323132 -141.452744
v -48.503632 -8.209736 -131.250061
v -45.724297 8.338036 -122.486099
v -52.720852 22.871220 -56.633595
v -39.920090 13.307866 -58.221146
v -59.596306 21.591774 -67.459366
v -52.807537 12.791050 -68.806847
v -10.142904 10.626961 -69.145203
v -21.768179 9.621300 -56.919044
v -8.039692 33.198711 -74.613800
v -7.116969 61.105656 -88.141739
v -8.822060 73.274284 -85.235725
v -8.274691 88.099030 -92.117630
v -5.086722 99.539673 -109.545410
v -2.952610 94.503716 -118.615685
v -3.938929 79.920509 -105.482803
v -20.106207 110.265121 -116.341522
v -18.051813 105.647522 -124.197327
v -30.404791 114.660500 -127.660034
v -59.035107 17.110849 -78.335640
v -61.528706 22.650759 -73.974792
v -48.933411 5.788860 -73.851402
v -36.143929 6.147892 -63.712437
v -43.804798 -1.198280 -80.296051
v -31.442568 0.352962 -67.980972
v -7.977163 8.957596 -77.123428
v -4.829898 29.795929 -79.874077
v 1.874345 92.352394 -121.007599
v 4.231950 92.626160 -126.230965
v 8.728498 83.661629 -109.030113
v 15.110799 83.464951 -123.766037
v 15.620805 73.502434 -108.017525
v 19.602907 71.978249 -119.742638
v 18.474859 40.309490 -93.618607
v 29.290346 35.501862 -119.250435
v 35.483841 10.279610 -117.342911
v 35.939041 18.404560 -132.708633
v 31.498432 36.081287 -130.085968
v 28.574085 41.414261 -131.070129
v 29.625656 47.826229 -140.005707
v 41.627205 42.480247 -150.544495
v 44.008167 33.984554 -148.327713
v 17.014349 56.835388 -100.808037
v 23.722557 53.425392 -119.783241
v 25.118185 28.725531 -102.760147
v 32.459778 29.058784 -124.236809
v 34.261482 21.377769 -136.423141
v 32.575569 33.316311 -130.969162
v 48.547810 30.623478 -159.673599
v 44.009232 40.040287 -154.776733
v 34.553688 14.270635 -138.886520
v 50.785069 23.079666 -167.950180
v 22.716969 50.623920 -142.500732
v 29.677359 48.552898 -158.623581
v 20.189594 48.065945 -137.942169
v 23.769268 56.957226 -127.578362
v 20.635469 69.688805 -123.720085
v 10.614892 81.395309 -132.904602
v 14.815701 78.457603 -128.564880
v 12.527944 86.394119 -127.127251
v 2.184693 91.302666 -129.246567
v 5.808684 -9.342196 -126.663414
v 16.338634 66.209389 -104.807968
v 21.039906 63.702286 -119.829964
v 21.583305 65.051353 -124.680923
v 23.397774 68.922256 -128.032852
v 22.741785 51.079281 -148.122574
v 20.964066 76.710403 -130.301697
v 11.600011 84.061348 -140.468170
v 23.466795 76.418884 -136.883545
v 12.891557 84.060371 -141.641937
v 15.871877 85.007088 -149.585724
v 24.605324 79.678886 -145.273697
v 16.160316 80.594704 -135.529877
v 20.206234 82.694923 -147.395874
v 12.595264 79.941139 -130.801544
v 13.998078 83.514580 -126.679436
v 25.527409 63.734238 -131.407379
v 26.522352 73.522942 -144.871857
v 11.224422 83.103653 -163.626724
v 24.954023 67.883766 -157.418060
v 23.647707 75.588768 -164.953430
v 16.431263 78.690804 -167.952240
v 25.476486 60.038906 -151.650391
v 25.393187 50.111012 -157.653244
v 18.794451 52.546505 -155.997787
v 22.884178 59.838150 -155.799484
v 23.835194 67.141335 -160.374573
v 21.669586 70.362968 -165.235703
v 12.011922 74.684685 -170.391495
v -52.433926 112.066650 -117.556396
v 8.889928 83.180038 -147.577072
v 4.081944 80.561325 -161.126953
v -42.043888 115.295074 -116.406471
v 0.952645 98.007034 -134.049149
v 8.106790 93.061508 -140.840408
v -54.026138 25.995304 -124.238235
v 1.891742 93.808601 -130.955521
v -1.596892 90.246666 -126.804077
v -55.403488 23.218851 -114.918198
v -4.181180 99.745834 -132.571243
v -53.287773 20.287271 -120.494652
v -56.257187 19.044487 -110.764473
v -6.273768 95.568817 -124.294640
v -51.267757 15.092654 -114.991028
v -43.184830 14.155734 -118.929497
v -44.997704 16.850800 -122.975136
v 35.608837 12.457809 -135.487305
v 37.094242 0.854759 -121.381012
v -64.667725 40.534641 -91.903259
v 38.895515 43.150642 -165.802917
v -9.629291 95.620636 -131.388885
v -6.167066 101.577415 -135.114853
v -9.771644 98.411682 -124.847672
v -11.733430 104.271889 -113.144875
v -9.839586 99.745605 -121.209351
v -13.916307 110.179276 -102.625778
v -31.389204 114.420364 -88.369934
v -51.746571 108.657700 -96.083023
v -57.307400 87.008728 -99.132965
v -60.696793 81.888763 -104.698402
v -17.952179 103.978485 -127.871513
v -15.749902 98.918190 -137.701019
v -11.878413 104.958878 -140.648758
v -7.678279 5.978134 -81.944405
v -4.124132 2.952412 -87.426926
v -3.236113 70.314629 -172.639603
v -13.731232 59.013626 -184.106750
v -21.920242 61.042751 -181.791840
v -13.196235 72.827522 -171.092621
v 13.564304 55.639507 -163.462845
v 3.229821 66.103966 -168.767197
v -1.205536 72.916336 -163.548843
v -0.625580 66.089241 -173.265594
v -11.869448 74.372604 -166.144394
v -7.356596 64.571983 -178.585205
v -18.780085 68.780602 -174.848557
v -5.492544 63.543201 -178.471130
v -10.034659 58.739388 -183.080154
v 0.681489 54.488426 -171.352768
v 4.542455 59.211693 -166.312302
v 11.430304 49.117699 -161.453522
v 5.103026 48.365902 -162.289536
v 1.609574 48.154129 -168.851837
v 20.147863 50.959686 -158.233551
v 13.983941 47.243290 -163.465637
v 39.652512 32.417599 -180.943665
v 20.875923 32.012474 -181.931656
v 39.273773 38.019154 -173.170044
v 25.610744 41.417961 -170.311157
v 44.002831 25.710279 -180.448761
v 40.606861 19.359070 -181.068054
v 22.653351 10.649433 -181.946243
v 15.751985 18.443129 -181.432465
v 12.839785 43.205109 -169.146591
v 11.844819 40.457401 -171.675766
v 4.143960 44.699528 -162.970856
v 2.048837 44.225304 -165.938782
v -10.427555 44.887280 -173.171021
v -10.807511 48.634117 -176.544983
v -15.030272 50.515312 -177.876831
v -16.224133 46.805405 -174.931198
v -37.918137 54.546539 -157.335556
v -30.324017 53.046051 -163.415161
v -28.733944 57.884651 -167.161850
v -29.116188 62.570107 -163.803162
v -23.254360 54.811775 -179.024612
v -23.229031 65.898369 -176.943970
v -23.470150 38.092789 -182.424194
v -15.709691 36.027370 -179.521530
v 1.780999 37.620380 -170.236786
v 5.579635 36.047043 -167.668182
v 9.618142 35.269463 -171.720306
v -48.154858 106.571228 -136.579453
v -53.246975 105.180763 -129.118958
v -49.517288 111.723564 -122.158539
v -46.632511 109.685448 -131.963409
v -16.080336 83.957695 -164.956345
v -24.658512 90.778877 -157.956512
v -12.187230 107.172386 -149.227371
v 0.042148 82.167603 -161.374756
v 3.623822 88.801628 -156.672501
v 1.917249 77.650673 -162.450500
v -4.040273 79.814034 -165.069260
v 8.370168 71.115562 -169.586685
v 18.160828 64.385689 -164.237473
v 23.428696 64.135323 -158.477081
v 25.272823 64.628922 -155.069611
v 26.517241 69.514351 -139.271744
v 24.318701 78.443909 -141.775162
v 19.594721 82.225258 -143.917847
v 14.646769 84.652260 -146.306168
v 10.131658 83.754417 -144.679474
v 5.779883 90.673851 -150.259781
v -6.620919 89.389137 -162.188004
v -10.263571 85.522980 -164.928070
v -2.443148 94.688538 -158.069305
v 0.659062 99.044235 -153.573593
v -60.804852 35.978558 -106.254898
v -54.669281 27.398926 -119.182564
v -2.445283 101.011597 -137.416245
v -7.771429 104.450516 -143.145721
v 8.596723 -0.431835 -145.079544
v -2.442960 105.016647 -153.218414
v -13.941689 105.916016 -142.946213
v -19.550257 100.184166 -141.575012
v -16.742931 102.879112 -153.069427
v -7.511845 98.928688 -157.135941
v -21.782051 95.046303 -156.396301
v -12.347788 90.900322 -161.934357
v -24.066549 94.857536 -147.250153
v -16.257242 71.817848 -165.099380
v -23.247044 77.227997 -162.389343
v -26.599815 90.128891 -151.247421
v 39.462296 27.450304 -141.883453
v -13.943873 73.459343 -165.910110
v -19.791780 82.691917 -164.568985
v -25.458874 87.041397 -159.485825
v -26.987791 84.391609 -156.183105
v -25.729959 80.954895 -159.949814
v -21.355766 69.293228 -160.504990
v -25.345026 73.202965 -157.549118
v -26.479910 78.063232 -157.629791
v -43.416786 87.450394 -153.741730
v -44.699986 94.205170 -148.593155
v -45.711689 101.619324 -142.848404
v -31.049337 113.662323 -130.124924
v 41.876488 21.274063 -147.764481
v -45.939518 115.454361 -95.228928
v -45.213280 118.229797 -101.448822
v -28.535297 117.857323 -116.269249
v -42.233761 111.853012 -91.584724
v -38.971943 108.677902 -89.136078
v -49.405190 83.635765 -85.941032
v -48.971138 67.971657 -81.192879
v -54.392742 63.540787 -71.100525
v -66.586311 46.284000 -60.503574
v -65.951447 33.343758 -60.706425
v -56.587475 21.907959 -62.019375
v -47.284016 12.181591 -62.960312
v -43.377247 4.922661 -68.165802
v -38.377228 -1.616287 -73.588326
v -43.409416 112.059563 -126.494522
v -54.266075 103.058960 -130.663834
v -56.324570 93.192635 -134.916336
v -56.503738 86.536415 -138.847504
v -48.876045 58.837505 -151.328064
v -28.394119 63.958851 -162.088120
v -25.682735 67.326653 -154.930115
v -23.005196 69.103516 -155.447830
v -26.020584 72.258652 -155.397583
v -28.060862 77.667122 -155.707870
v -40.952953 78.259872 -153.908554
v -51.148975 73.434616 -151.780121
v -31.664015 78.317627 -155.329269
v -30.783991 72.427238 -154.860626
v -30.134192 84.998451 -155.850861
v -30.032145 90.968658 -150.847214
v -28.149832 96.212921 -146.517303
v -21.764885 102.971909 -139.513535
v -16.233395 99.575165 -135.933151
v -9.653586 96.147110 -130.170288
v -4.930902 93.613815 -127.211578
v -2.275823 90.645477 -119.170837
v 1.041127 76.383217 -101.117172
v 2.729934 58.101524 -91.110603
v 4.088704 41.554569 -86.307541
v 10.703585 24.814123 -88.007912
v 16.127754 3.155575 -95.911804
v -49.122913 25.000343 -128.580551
v -58.213539 64.022682 -143.962555
v -51.516136 37.814770 -157.107071
v -44.567768 48.221169 -148.946320
v -1.451878 104.073296 -148.697906
v -60.579742 52.513973 -129.076157
v -54.418507 45.893936 -134.041016
v -45.577374 0.505032 -177.778320
v -27.697340 29.285431 -186.865952
v -36.232121 22.180479 -188.849823
v -17.721891 5.881699 -176.932739
v -15.814211 -0.392551 -168.283356
v -1.031016 14.668392 -167.006577
v -6.100516 19.211821 -172.068008
v -16.275509 30.998888 -181.872467
v 3.279729 8.145350 -171.688004
v 2.953439 0.663002 -157.347778
v 4.641835 1.767246 -163.598648
v -23.353834 -12.512531 -124.989128
v 19.766148 1.537182 -170.517242
v 13.528413 1.231411 -171.664795
v 14.150544 -2.016834 -161.044861
v 1.624452 0.340729 -145.682724
v 11.570086 -3.235306 -153.239075
v -7.183610 -8.159336 -125.493484
v 32.468410 15.351452 -181.580719
v 15.517294 -8.805865 -127.553146
v 22.342407 -2.404018 -154.972458
v -12.220657 -12.721859 -131.546326
v -5.045527 -7.997829 -149.528122
v 44.964695 16.858982 -168.149414
v -16.270033 -0.847103 -83.079086
v -36.472301 -3.966854 -88.473679
v -29.209881 -4.557449 -84.023293
v -21.823671 -1.552906 -76.179337
v -45.096802 2.460789 -99.346649
v -49.190552 11.622490 -110.858887
v 15.396661 0.006508 -144.297745
v -7.909960 -4.743111 -160.420731
v 38.605728 11.045793 -155.131943
v 27.966431 4.919743 -137.199951
v 31.527090 3.780090 -152.731094
v 31.370090 3.737629 -133.001480
v 35.742840 -4.183537 -122.624489
v 18.087265 -0.050236 -101.398422
v 10.935308 1.144722 -97.467056
v -5.708753 1.425396 -91.525314
v -22.665741 -4.150867 -90.378372
v -27.616409 -4.834530 -97.819534
v -37.572083 1.878254 -104.278915
v -43.674454 11.223929 -114.269363
v -39.344681 -0.620014 -114.710274
v -43.830467 9.938293 -118.117699
v -23.209421 -3.082977 -106.522827
v -22.570915 -7.491138 -116.986099
v -15.842309 -0.778915 -97.833649
v 6.139777 -3.135044 -107.565285
v 16.925379 -4.388100 -112.336388
v 27.913754 -7.939724 -127.345924
v 33.103271 9.874607 -171.365570
v 18.427065 25.958099 -182.144989
v 10.817712 38.110603 -171.720520
v 4.829621 40.905083 -165.592545
v 2.137753 41.251068 -168.188004
v -12.873665 40.855968 -175.938370
v -19.519848 42.841846 -178.303452
v -30.929487 43.797127 -178.133667
v -44.414211 45.698830 -165.558807
v -47.872837 43.567646 -152.714706
v -56.178452 34.437927 -140.975357
v -48.614246 33.788857 -131.258453
v -41.300117 -10.339971 -127.107338
v -23.782131 -16.451366 -147.267014
v -25.493990 -11.454389 -156.260803
v -43.138863 -7.539387 -157.349319
v -24.122013 -16.635395 -142.489746
v -28.693737 -16.419636 -139.056168
v -37.740200 -14.132214 -138.866974
v -46.268375 -9.468655 -142.691849
v -10.678151 -3.010616 -162.730743
v -32.017357 -7.972244 -163.668610
v 1.575768 4.658710 -161.011368
v 3.997338 3.612148 -166.424057
v 13.914970 -1.161366 -164.614532
v 21.950520 -2.629509 -160.423264
v 32.680370 4.888229 -158.959747
v 41.035610 12.643940 -159.400497
v 41.571514 16.692677 -148.369507
v 3.473718 100.354828 -144.595016
# 436 positions

vt 0.122374 0.202226
vt 0.097562 0.198961
vt 0.145541 0.175337
vt 0.146395 0.185498
vt 0.075105 0.183181
vt 0.049697 0.165052
vt 0.092513 0.127450
vt 0.121424 0.153450
vt 0.010000 0.072930
vt 0.056440 0.043648
vt 0.087537 0.060193
vt 0.168809 0.063784
vt 0.143292 0.119197
vt 0.157230 0.139327
vt 0.695102 0.437699
vt 0.720538 0.390514
vt 0.734679 0.399977
vt 0.715177 0.446495
vt 0.683489 0.371442
vt 0.664239 0.416109
vt 0.136518 0.789911
vt 0.172507 0.806357
vt 0.166715 0.820016
vt 0.123730 0.798409
vt 0.091746 0.815494
vt 0.155877 0.836996
vt 0.145653 0.851544
vt 0.112112 0.903070
vt 0.072098 0.885799
vt 0.064150 0.829426
vt 0.202095 0.801793
vt 0.229847 0.800059
vt 0.233675 0.823893
vt 0.201054 0.821466
vt 0.911432 0.468536
vt 0.885772 0.507495
vt 0.849088 0.435664
vt 0.822538 0.500206
vt 0.826913 0.450242
vt 0.882489 0.509974
vt 0.767999 0.494303
vt 0.782072 0.441206
vt 0.731461 0.479920
vt 0.752670 0.424585
vt 0.733364 0.433886
vt 0.715662 0.475853
vt 0.689725 0.326501
vt 0.724819 0.336616
vt 0.682698 0.235396
vt 0.703180 0.252999
vt 0.648938 0.263072
vt 0.644736 0.245572
vt 0.726189 0.285064
vt 0.646192 0.290598
vt 0.727688 0.330504
vt 0.755734 0.326501
vt 0.753873 0.342276
vt 0.752450 0.397017
vt 0.739600 0.419265
vt 0.747018 0.355637
vt 0.743978 0.276839
vt 0.767676 0.301649
vt 0.224240 0.835914
vt 0.190997 0.837328
vt 0.897576 0.405121
vt 0.901341 0.419265
vt 0.830045 0.417670
vt 0.802097 0.423622
vt 0.813729 0.435946
vt 0.759215 0.397409
vt 0.780581 0.304525
vt 0.790906 0.273620
vt 0.870459 0.261447
vt 0.862771 0.291563
vt 0.814513 0.379938
vt 0.769898 0.337696
vt 0.854584 0.323011
vt 0.852860 0.378207
vt 0.104167 0.941024
vt 0.055939 0.939237
vt 0.071013 0.990000
vt 0.027724 0.964589
vt 0.905324 0.336368
vt 0.910486 0.384335
vt 0.813348 0.402624
vt 0.765103 0.387096
vt 0.918498 0.276847
vt 0.910486 0.305258
vt 0.940272 0.084464
vt 0.979485 0.081637
vt 0.954221 0.123891
vt 0.938744 0.130679
vt 0.951421 0.172044
vt 0.917581 0.186667
vt 0.795063 0.110687
vt 0.795519 0.064593
vt 0.837515 0.054163
vt 0.825934 0.109882
vt 0.880829 0.087168
vt 0.866519 0.122629
vt 0.743158 0.265707
vt 0.772850 0.289908
vt 0.785033 0.260451
vt 0.753775 0.242158
vt 0.850036 0.161762
vt 0.896905 0.216140
vt 0.795134 0.219663
vt 0.813080 0.169200
vt 0.767857 0.199640
vt 0.754776 0.181309
vt 0.792598 0.160676
vt 0.264746 0.581293
vt 0.289929 0.553892
vt 0.306540 0.580908
vt 0.273309 0.616225
vt 0.711104 0.455837
vt 0.689676 0.453641
vt 0.295517 0.473049
vt 0.326225 0.455837
vt 0.354242 0.476752
vt 0.321023 0.516852
vt 0.402660 0.592280
vt 0.379972 0.631803
vt 0.348898 0.574416
vt 0.379339 0.556925
vt 0.354820 0.627725
vt 0.609688 0.379335
vt 0.574659 0.361708
vt 0.589291 0.333143
vt 0.635228 0.348568
vt 0.745658 0.132094
vt 0.745989 0.081637
vt 0.608735 0.272855
vt 0.601048 0.256383
vt 0.576267 0.282418
vt 0.560760 0.264056
vt 0.621573 0.887090
vt 0.675133 0.940094
vt 0.642974 0.968056
vt 0.615190 0.936445
vt 0.831685 0.844893
vt 0.884549 0.854136
vt 0.929820 0.914201
vt 0.859096 0.918976
vt 0.768850 0.920907
vt 0.792484 0.889541
vt 0.012421 0.953798
vt 0.042584 0.930404
vt 0.056702 0.883106
vt 0.041594 0.823893
vt 0.010000 0.876611
vt 0.011299 0.818421
vt 0.040234 0.779559
vt 0.063904 0.757991
vt 0.086710 0.772566
vt 0.062700 0.795240
vt 0.603367 0.306723
vt 0.647227 0.317702
vt 0.618440 0.290136
vt 0.493731 0.956415
vt 0.484229 0.983069
vt 0.449528 0.975055
vt 0.451832 0.946372
vt 0.531780 0.987320
vt 0.507985 0.987591
vt 0.507409 0.959309
vt 0.530870 0.958478
vt 0.503110 0.925663
vt 0.455174 0.915799
vt 0.507053 0.926841
vt 0.531983 0.929593
vt 0.596957 0.990000
vt 0.577694 0.968056
vt 0.570043 0.955626
vt 0.563984 0.930574
vt 0.866372 0.938342
vt 0.931116 0.938342
vt 0.767861 0.939310
vt 0.317310 0.698598
vt 0.337040 0.659335
vt 0.352787 0.664381
vt 0.362261 0.711342
vt 0.345147 0.744364
vt 0.309967 0.737918
vt 0.300981 0.762092
vt 0.346249 0.768034
vt 0.252456 0.881580
vt 0.270354 0.862687
vt 0.351235 0.852933
vt 0.317564 0.887138
vt 0.265201 0.446293
vt 0.220791 0.455555
vt 0.231642 0.391554
vt 0.258783 0.397384
vt 0.238136 0.463281
vt 0.347988 0.798576
vt 0.270104 0.846425
vt 0.289620 0.792542
vt 0.264693 0.941689
vt 0.224536 0.912383
vt 0.213569 0.449566
vt 0.182174 0.424707
vt 0.206392 0.408726
vt 0.682189 0.183419
vt 0.698002 0.180749
vt 0.691279 0.207718
vt 0.654783 0.204792
vt 0.162378 0.412591
vt 0.192766 0.386490
vt 0.179597 0.382239
vt 0.304656 0.411766
vt 0.284968 0.459136
vt 0.234692 0.866678
vt 0.238672 0.858126
vt 0.245168 0.817437
vt 0.240390 0.835586
vt 0.275307 0.473562
vt 0.256440 0.510515
vt 0.272419 0.774813
vt 0.289128 0.753751
vt 0.084346 0.436772
vt 0.092179 0.431245
vt 0.099302 0.453281
vt 0.089393 0.452551
vt 0.311286 0.691959
vt 0.316268 0.683352
vt 0.118589 0.757710
vt 0.101479 0.728555
vt 0.149620 0.729493
vt 0.372225 0.291944
vt 0.388605 0.274162
vt 0.403910 0.286214
vt 0.376834 0.315665
vt 0.076013 0.442878
vt 0.085936 0.460814
vt 0.046657 0.462146
vt 0.041714 0.449410
vt 0.296667 0.741124
vt 0.028927 0.442190
vt 0.207204 0.297479
vt 0.229705 0.289235
vt 0.243238 0.303428
vt 0.229672 0.312194
vt 0.268534 0.307979
vt 0.274307 0.327237
vt 0.291547 0.314794
vt 0.313031 0.321203
vt 0.293267 0.333359
vt 0.284103 0.330533
vt 0.314159 0.316164
vt 0.442114 0.184129
vt 0.433297 0.190146
vt 0.418166 0.181565
vt 0.425394 0.174436
vt 0.495794 0.185783
vt 0.454783 0.175188
vt 0.464573 0.157471
vt 0.488032 0.167815
vt 0.441019 0.153004
vt 0.403983 0.173697
vt 0.409742 0.165357
vt 0.468777 0.194792
vt 0.449724 0.201137
vt 0.368483 0.216680
vt 0.365619 0.192668
vt 0.432829 0.190836
vt 0.390403 0.229563
vt 0.444246 0.206880
vt 0.420946 0.239286
vt 0.456184 0.240528
vt 0.444210 0.240703
vt 0.181146 0.265155
vt 0.192954 0.252945
vt 0.196209 0.237221
vt 0.225767 0.230672
vt 0.311735 0.424083
vt 0.297071 0.448509
vt 0.198867 0.211530
vt 0.223859 0.216579
vt 0.451767 0.250951
vt 0.441177 0.249538
vt 0.396052 0.245656
vt 0.414255 0.245826
vt 0.351642 0.226443
vt 0.382145 0.244483
vt 0.092602 0.483075
vt 0.099002 0.517970
vt 0.062705 0.507783
vt 0.168929 0.156207
vt 0.159930 0.193740
vt 0.323325 0.305028
vt 0.329757 0.297226
vt 0.334995 0.319349
vt 0.325759 0.319606
vt 0.474452 0.859857
vt 0.508870 0.826904
vt 0.514265 0.855019
vt 0.689050 0.627991
vt 0.672294 0.656302
vt 0.660307 0.646036
vt 0.679615 0.600062
vt 0.643884 0.425340
vt 0.649041 0.406959
vt 0.663045 0.431050
vt 0.660803 0.450411
vt 0.627596 0.447728
vt 0.665173 0.671832
vt 0.643081 0.661783
vt 0.641121 0.647378
vt 0.653132 0.640448
vt 0.145119 0.459997
vt 0.130979 0.451438
vt 0.132194 0.440153
vt 0.146014 0.439399
vt 0.371157 0.664260
vt 0.385317 0.668041
vt 0.393617 0.735904
vt 0.399687 0.798695
vt 0.399828 0.851049
vt 0.377816 0.901695
vt 0.347479 0.967253
vt 0.214773 0.901388
vt 0.214324 0.929191
vt 0.204895 0.922396
vt 0.250111 0.969240
vt 0.430586 0.789100
vt 0.431106 0.888081
vt 0.405369 0.716848
vt 0.390511 0.667899
vt 0.398675 0.659030
vt 0.157703 0.430838
vt 0.159380 0.456680
vt 0.168206 0.434134
vt 0.170935 0.453281
vt 0.646230 0.681122
vt 0.669744 0.681789
vt 0.021801 0.758629
vt 0.033007 0.771010
vt 0.021348 0.778449
vt 0.011364 0.773743
vt 0.045397 0.815690
vt 0.020030 0.797915
vt 0.214878 0.845663
vt 0.181795 0.850073
vt 0.893209 0.392792
vt 0.055961 0.749572
vt 0.034232 0.733522
vt 0.676326 0.706564
vt 0.652952 0.708075
vt 0.441116 0.952051
vt 0.430586 0.964714
vt 0.413159 0.976624
vt 0.698002 0.132453
vt 0.665259 0.151526
vt 0.824359 0.734043
vt 0.805112 0.710790
vt 0.818424 0.687830
vt 0.846968 0.702764
vt 0.413211 0.298919
vt 0.425298 0.258173
vt 0.441813 0.271706
vt 0.386909 0.321501
vt 0.829588 0.598841
vt 0.856464 0.609417
vt 0.851527 0.626072
vt 0.836289 0.625766
vt 0.802549 0.618825
vt 0.805729 0.633874
vt 0.859982 0.722424
vt 0.846029 0.750792
vt 0.832922 0.758571
vt 0.821051 0.739634
vt 0.804090 0.722415
vt 0.820935 0.739563
vt 0.799655 0.772312
vt 0.802820 0.723966
vt 0.878911 0.607940
vt 0.887320 0.629862
vt 0.656408 0.599606
vt 0.204404 0.183893
vt 0.182941 0.187019
vt 0.173136 0.170080
vt 0.203847 0.153222
vt 0.913933 0.607813
vt 0.908042 0.628489
vt 0.324204 0.434559
vt 0.322313 0.443349
vt 0.350597 0.431954
vt 0.351548 0.443147
vt 0.661914 0.109394
vt 0.639792 0.147471
vt 0.612440 0.142430
vt 0.622135 0.085973
vt 0.650798 0.200006
vt 0.612575 0.200195
vt 0.646190 0.199841
vt 0.596920 0.161291
vt 0.575294 0.157088
vt 0.594125 0.088094
vt 0.556201 0.137019
vt 0.532989 0.113277
vt 0.548797 0.085708
vt 0.573203 0.086096
vt 0.339633 0.389102
vt 0.366130 0.418430
vt 0.368594 0.452756
vt 0.375293 0.411601
vt 0.378683 0.364091
vt 0.379238 0.447817
vt 0.923778 0.614155
vt 0.922171 0.624716
vt 0.916231 0.667590
vt 0.901871 0.671791
vt 0.782296 0.783714
vt 0.771259 0.741389
vt 0.798583 0.713095
vt 0.770097 0.726847
vt 0.912330 0.686460
vt 0.897810 0.685802
vt 0.150501 0.222922
vt 0.922861 0.784561
vt 0.899338 0.765227
vt 0.905654 0.749205
vt 0.924458 0.750184
vt 0.890759 0.713382
vt 0.922171 0.725665
vt 0.766896 0.698563
vt 0.785919 0.689757
vt 0.744136 0.667191
vt 0.746546 0.650195
vt 0.839038 0.687478
vt 0.059995 0.214295
vt 0.046758 0.195825
vt 0.274946 0.080859
vt 0.274452 0.100817
vt 0.250146 0.110225
vt 0.254047 0.088109
vt 0.315338 0.049981
vt 0.319450 0.061691
vt 0.324195 0.043356
vt 0.333118 0.056866
vt 0.398175 0.359515
vt 0.422221 0.354965
vt 0.392120 0.408218
vt 0.382923 0.410075
vt 0.397992 0.424230
vt 0.387306 0.436388
vt 0.184714 0.757011
vt 0.174297 0.784613
vt 0.772134 0.791969
vt 0.776936 0.813412
vt 0.748756 0.829469
vt 0.741628 0.803799
vt 0.692110 0.597130
vt 0.700858 0.594151
vt 0.733258 0.607227
vt 0.714975 0.615839
vt 0.740401 0.579982
vt 0.751238 0.587640
vt 0.767994 0.581639
vt 0.749399 0.572532
vt 0.761200 0.559520
vt 0.793772 0.567876
vt 0.426164 0.316728
vt 0.401401 0.331240
vt 0.465420 0.290667
vt 0.448540 0.316032
vt 0.466892 0.252945
vt 0.473247 0.240199
vt 0.418191 0.153555
vt 0.669666 0.841237
vt 0.687276 0.844824
vt 0.680732 0.874143
vt 0.664664 0.866493
vt 0.710778 0.847674
vt 0.707312 0.873513
vt 0.731372 0.849950
vt 0.726136 0.880870
vt 0.634413 0.397872
vt 0.622614 0.417551
vt 0.782627 0.861637
vt 0.795025 0.857102
vt 0.796524 0.867956
vt 0.783085 0.878436
vt 0.752879 0.891159
vt 0.755372 0.862836
vt 0.613043 0.442544
vt 0.781009 0.836452
vt 0.794624 0.831503
vt 0.756381 0.840666
vt 0.606264 0.412941
vt 0.793889 0.822013
vt 0.678392 0.715868
vt 0.655147 0.724373
vt 0.762339 0.763702
vt 0.728986 0.774767
vt 0.692793 0.728323
vt 0.681434 0.747151
vt 0.718935 0.751312
vt 0.757690 0.748076
vt 0.661644 0.769602
vt 0.644457 0.748853
vt 0.692944 0.830887
vt 0.693011 0.812819
vt 0.723754 0.820390
vt 0.715241 0.838837
vt 0.735092 0.844768
vt 0.600470 0.432020
vt 0.676601 0.823414
vt 0.668138 0.807122
vt 0.637911 0.854753
vt 0.656408 0.828529
vt 0.647285 0.820716
vt 0.632280 0.850699
vt 0.650274 0.781286
vt 0.636190 0.766971
vt 0.624192 0.846895
vt 0.626684 0.818983
vt 0.724126 0.740488
vt 0.750163 0.738179
vt 0.643168 0.791496
vt 0.630250 0.788626
vt 0.724243 0.719832
vt 0.739196 0.723135
vt 0.606482 0.834361
vt 0.607545 0.815371
vt 0.629369 0.804030
vt 0.618101 0.804311
vt 0.039176 0.613007
vt 0.080378 0.606895
vt 0.093324 0.628891
vt 0.047441 0.634600
vt 0.106644 0.653435
vt 0.049611 0.655486
vt 0.051453 0.666417
vt 0.097717 0.721686
vt 0.050508 0.701103
vt 0.047420 0.715488
vt 0.192795 0.730489
vt 0.763870 0.215734
vt 0.798317 0.230765
vt 0.660130 0.216666
vt 0.640256 0.227121
vt 0.592782 0.238663
vt 0.544163 0.243395
vt 0.556628 0.957312
vt 0.558187 0.986496
vt 0.558931 0.930884
vt 0.124443 0.669256
vt 0.130039 0.684702
vt 0.133281 0.703856
vt 0.150898 0.669558
vt 0.155490 0.699951
vt 0.150209 0.661038
vt 0.146113 0.627721
vt 0.138751 0.605543
vt 0.131248 0.577835
vt 0.796416 0.622066
vt 0.788057 0.625234
vt 0.794736 0.654747
vt 0.766395 0.624083
vt 0.784877 0.669056
vt 0.747326 0.643443
vt 0.745356 0.619357
vt 0.754198 0.614872
vt 0.722918 0.630895
vt 0.600999 0.812701
vt 0.594903 0.824503
vt 0.612554 0.799402
vt 0.229498 0.354661
vt 0.042399 0.581612
vt 0.070936 0.579462
vt 0.038981 0.602289
vt 0.038684 0.563780
vt 0.101500 0.562552
vt 0.031249 0.580366
vt 0.024071 0.564235
vt 0.029234 0.601084
vt 0.036690 0.635960
vt 0.029496 0.614667
vt 0.036329 0.655887
vt 0.039171 0.696108
vt 0.038511 0.669369
vt 0.029834 0.730042
vt 0.035155 0.714467
vt 0.019240 0.755775
vt 0.328935 0.631769
vt 0.301108 0.615884
vt 0.342736 0.648235
vt 0.366460 0.637364
vt 0.368029 0.651833
vt 0.355597 0.656320
vt 0.014289 0.555203
vt 0.022188 0.549214
vt 0.025676 0.534564
vt 0.032406 0.510413
vt 0.039276 0.551934
vt 0.133616 0.534704
vt 0.172588 0.065634
vt 0.188400 0.099613
vt 0.128503 0.461228
vt 0.211709 0.325595
vt 0.851722 0.523050
vt 0.831473 0.535091
vt 0.805441 0.547926
vt 0.761725 0.550472
vt 0.668240 0.511316
vt 0.677183 0.506831
vt 0.696839 0.520587
vt 0.679691 0.527858
vt 0.725358 0.508348
vt 0.689462 0.542300
vt 0.702370 0.528914
vt 0.257142 0.234877
vt 0.291676 0.251879
vt 0.282524 0.300272
vt 0.249609 0.288960
vt 0.023136 0.173344
vt 0.010000 0.141486
vt 0.329522 0.175168
vt 0.359542 0.184528
vt 0.360201 0.119481
vt 0.334813 0.120328
vt 0.279940 0.116592
vt 0.253171 0.143570
vt 0.247640 0.178701
vt 0.021786 0.127582
vt 0.464040 0.406872
vt 0.435250 0.325995
vt 0.472537 0.380911
vt 0.504247 0.388612
vt 0.474191 0.408180
vt 0.492441 0.375882
vt 0.478898 0.325072
vt 0.481278 0.344249
vt 0.502553 0.343512
vt 0.502173 0.373343
vt 0.512920 0.343136
vt 0.534367 0.352167
vt 0.520413 0.379378
vt 0.542863 0.722921
vt 0.511135 0.747083
vt 0.496734 0.680114
vt 0.515587 0.669841
vt 0.562372 0.343625
vt 0.532100 0.319322
vt 0.595285 0.203183
vt 0.570151 0.196588
vt 0.529223 0.157020
vt 0.491588 0.127189
vt 0.534453 0.888670
vt 0.509365 0.892975
vt 0.566821 0.892840
vt 0.611617 0.864923
vt 0.568806 0.866485
vt 0.599751 0.853374
vt 0.465055 0.885265
vt 0.564536 0.393383
vt 0.168413 0.350638
vt 0.185429 0.325366
vt 0.129948 0.372026
vt 0.160282 0.363382
vt 0.127323 0.417573
vt 0.212589 0.959529
vt 0.196336 0.956832
vt 0.244416 0.984529
vt 0.331186 0.977985
vt 0.249231 0.985463
vt 0.355435 0.982920
vt 0.358913 0.980555
vt 0.411579 0.990000
vt 0.592429 0.833476
vt 0.580241 0.827506
vt 0.539039 0.862406
vt 0.557245 0.418730
vt 0.564899 0.447851
vt 0.600312 0.443755
vt 0.492030 0.798492
vt 0.454118 0.837782
vt 0.543819 0.831666
vt 0.579037 0.767749
vt 0.610137 0.783304
vt 0.596265 0.736382
vt 0.619975 0.760641
vt 0.595714 0.681019
vt 0.625332 0.678936
vt 0.574223 0.637895
vt 0.590166 0.640953
vt 0.621538 0.666409
vt 0.533393 0.658817
vt 0.095869 0.367260
vt 0.083605 0.403096
vt 0.565136 0.703277
vt 0.514332 0.750697
vt 0.555021 0.191375
vt 0.574267 0.086465
vt 0.311447 0.039653
vt 0.317740 0.031030
vt 0.275616 0.064403
vt 0.257142 0.069847
vt 0.070677 0.229380
vt 0.201340 0.129502
vt 0.253457 0.623222
vt 0.243434 0.605753
vt 0.133811 0.354010
vt 0.142924 0.316607
vt 0.093762 0.351737
vt 0.094718 0.319485
vt 0.484499 0.325119
vt 0.516302 0.319485
vt 0.534593 0.505118
vt 0.519699 0.486681
vt 0.577878 0.459575
vt 0.577878 0.495273
vt 0.557173 0.364417
vt 0.553532 0.385553
vt 0.556065 0.532075
vt 0.591358 0.547209
vt 0.584375 0.580240
vt 0.553455 0.565556
vt 0.539113 0.632444
vt 0.520572 0.612560
vt 0.479783 0.625883
vt 0.517027 0.615437
vt 0.528595 0.640059
vt 0.476861 0.652981
vt 0.421637 0.658544
vt 0.426261 0.612106
vt 0.422270 0.609000
vt 0.404338 0.651875
vt 0.391291 0.635297
vt 0.467721 0.507397
vt 0.428974 0.457666
vt 0.490628 0.561779
vt 0.496924 0.531868
vt 0.487488 0.575152
vt 0.471988 0.582268
vt 0.443784 0.578870
vt 0.417231 0.561929
vt 0.381895 0.473076
vt 0.431947 0.521177
vt 0.541997 0.514505
vt 0.486255 0.531937
vt 0.579947 0.511698
vt 0.519763 0.380025
vt 0.505130 0.387838
vt 0.918501 0.435008
vt 0.170926 0.703425
# 748 texture coordinates

vn -0.974008 0.221883 -0.045560
vn 0.028504 0.791947 0.609924
vn -0.809001 0.421805 0.409387
vn -0.983606 0.056309 0.171313
vn -0.928358 -0.277401 0.247386
vn -0.962456 0.235501 0.134975
vn -0.977161 0.153449 0.147004
vn 0.048198 0.517004 0.854625
vn -0.628458 0.225721 0.744372
vn 0.392325 0.400416 0.828099
vn 0.845519 0.219184 0.486884
vn 0.734432 -0.007685 0.678639
vn 0.187841 0.117708 0.975121
vn -0.899320 0.132831 0.416628
vn -0.363481 0.262425 0.893876
vn -0.807442 0.174278 0.563618
vn 0.737271 0.220762 0.638510
vn -0.083403 -0.402042 0.911815
vn 0.310481 0.038484 0.949800
vn 0.336207 0.791369 0.510589
vn 0.392373 0.499510 0.772356
vn 0.278632 0.451292 0.847762
vn -0.943933 0.255248 0.209378
vn -0.211612 0.623558 0.752592
vn -0.760063 0.570085 0.311941
vn -0.952443 0.285283 -0.107080
vn -0.790812 0.609038 -0.060742
vn -0.645240 0.744478 0.171516
vn -0.936300 0.324144 0.135178
vn -0.723552 -0.471955 0.503717
vn -0.787885 0.275968 0.550526
vn -0.345962 -0.374170 0.860411
vn 0.163386 -0.472819 0.865879
vn -0.212815 0.128020 0.968669
vn 0.634517 -0.020080 0.772649
vn -0.153392 0.857500 0.491085
vn 0.583463 0.637524 0.503124
vn 0.719468 0.322970 0.614863
vn 0.056199 0.636063 0.769588
vn -0.916109 0.116051 -0.383765
vn -0.930867 -0.350530 -0.103027
vn -0.999320 -0.036309 0.006398
vn -0.941269 0.250500 -0.226412
vn -0.965491 -0.257534 -0.038780
vn -0.969132 -0.243990 0.035375
vn -0.955627 -0.277576 0.098637
vn -0.943598 -0.303269 -0.132856
vn -0.965157 -0.260156 0.028108
vn -0.992679 0.008832 -0.120457
vn -0.977988 0.151965 -0.142992
vn -0.848255 0.130744 -0.513195
vn -0.569263 0.820126 -0.057734
vn -0.089241 0.966861 0.239198
vn 0.793420 0.540320 0.280249
vn 0.584292 0.806036 0.094387
vn 0.312313 0.949577 -0.027630
vn -0.831567 0.019925 -0.555067
vn -0.766395 -0.542287 -0.344330
vn -0.815726 -0.558988 0.148739
vn -0.834236 -0.397699 -0.381951
vn -0.925117 0.341182 0.166595
vn -0.971553 -0.207890 -0.113434
vn -0.910113 -0.079519 0.406660
vn -0.976502 -0.206883 -0.060352
vn -0.267998 -0.179758 -0.946501
vn -0.638201 0.572134 -0.515133
vn -0.588741 0.740480 -0.324148
vn -0.958910 0.180887 -0.218566
vn -0.784471 -0.246636 -0.569013
vn -0.502373 0.472158 -0.724353
vn -0.218757 0.499224 -0.838404
vn -0.834635 0.390331 -0.388620
vn -0.349738 0.279439 -0.894202
vn -0.858067 0.105502 0.502584
vn -0.651002 -0.755204 -0.076577
vn -0.697081 -0.682860 -0.218586
vn -0.760620 -0.212629 0.613390
vn -0.986583 -0.104961 0.125049
vn -0.745445 -0.652794 0.134798
vn -0.621800 -0.713160 0.323678
vn -0.810775 0.069208 0.581253
vn -0.471362 -0.654463 0.591182
vn -0.323364 -0.665334 0.672879
vn -0.769174 -0.576782 0.275125
vn -0.702287 -0.621868 0.346515
vn 0.722551 -0.407263 0.558621
vn 0.276796 -0.667232 0.691509
vn 0.894425 0.113965 0.432454
vn 0.685463 0.241460 0.686905
vn 0.907508 0.026282 0.419211
vn 0.961140 0.078368 0.264704
vn 0.899923 0.435973 -0.008190
vn 0.804004 0.594487 0.012777
vn 0.742980 0.408068 0.530529
vn 0.632431 0.721459 -0.282007
vn 0.618522 0.725812 -0.301043
vn 0.136737 0.937440 -0.320170
vn -0.821681 -0.548874 0.153550
vn -0.830649 -0.534293 0.156697
vn -0.661313 -0.670693 0.335910
vn -0.141109 -0.753641 0.641961
vn -0.485060 -0.859743 0.159871
vn 0.124753 -0.854302 0.504585
vn 0.654903 -0.376162 0.655442
vn 0.681009 0.141263 0.718520
vn 0.096792 0.974751 0.201227
vn 0.394632 0.910472 -0.123714
vn 0.491448 0.679036 0.545333
vn 0.819896 0.572486 -0.005586
vn 0.786907 0.381887 0.484707
vn 0.940834 0.313555 0.128514
vn 0.777916 0.214213 0.590728
vn 0.926875 0.286774 0.242204
vn 0.908730 0.025052 0.416632
vn 0.985997 0.166728 -0.003303
vn 0.869935 0.260163 0.418961
vn 0.829563 0.533839 0.163835
vn 0.550394 0.720914 0.421129
vn 0.696768 0.685806 0.210202
vn 0.870506 0.160660 0.465197
vn 0.756961 0.325732 0.566488
vn 0.944261 0.265614 0.194472
vn 0.838590 0.100307 0.535449
vn 0.946690 0.252293 0.200316
vn 0.973637 0.017495 0.227433
vn 0.950940 0.149390 0.270916
vn 0.964242 0.235035 0.122455
vn 0.804319 0.594072 -0.012223
vn 0.911083 -0.382593 0.153463
vn 0.989249 -0.064118 -0.131438
vn 0.795280 0.567422 0.213453
vn 0.334411 0.914082 -0.229399
vn 0.912842 0.405558 0.047356
vn 0.990519 0.122403 0.062372
vn 0.939948 0.278553 -0.197244
vn 0.694692 0.703944 -0.147872
vn 0.827533 0.561373 -0.007002
vn 0.691884 0.607138 -0.390742
vn 0.433723 0.893780 0.114203
vn -0.016505 -0.997049 -0.074970
vn 0.759264 0.326094 0.563189
vn 0.956253 0.201625 0.211964
vn 0.930976 0.261277 0.254987
vn 0.782017 0.271068 0.561223
vn 0.886676 0.427007 -0.177400
vn 0.597023 0.675515 0.432715
vn 0.576915 0.781461 0.237671
vn 0.751740 0.590593 0.293406
vn 0.176763 0.957915 0.226172
vn 0.089073 0.995301 -0.037974
vn 0.813720 0.580397 0.031606
vn 0.381647 0.870972 0.309442
vn 0.491078 0.871105 -0.004259
vn 0.680735 0.726738 -0.091933
vn 0.821183 0.477469 -0.312541
vn 0.978673 -0.010196 0.205170
vn 0.990505 0.137459 -0.002263
vn -0.047678 0.908928 -0.414218
vn 0.961362 -0.094203 -0.258667
vn 0.836228 0.217085 -0.503583
vn 0.349928 0.666965 -0.657806
vn 0.928124 -0.288636 -0.235105
vn 0.311581 0.926355 -0.211620
vn 0.670675 0.341814 -0.658299
vn 0.740945 -0.396134 -0.542290
vn 0.817510 -0.322884 -0.476890
vn 0.588561 -0.289985 -0.754656
vn -0.026744 0.191589 -0.981111
vn -0.762485 0.612047 -0.209796
vn 0.388336 0.855023 -0.343702
vn 0.017546 0.674350 -0.738203
vn -0.217351 0.944431 -0.246593
vn 0.571611 0.663799 0.482318
vn 0.868112 0.494770 0.039789
vn -0.860258 -0.228699 -0.455690
vn 0.613667 0.519405 0.594668
vn 0.093268 0.966026 0.241031
vn -0.926863 -0.229475 -0.297098
vn 0.155449 0.753784 0.638472
vn -0.734060 -0.525693 -0.429888
vn -0.849317 -0.341173 -0.402817
vn 0.714158 0.650366 -0.258848
vn -0.574287 -0.667460 -0.474017
vn -0.882583 -0.426991 -0.196789
vn -0.912174 -0.409490 -0.016009
vn 0.913951 -0.187022 -0.360161
vn 0.939149 -0.257681 0.227154
vn -0.985188 0.009494 -0.171218
vn 0.516919 0.794973 -0.317510
vn 0.170636 0.938324 0.300719
vn -0.006987 0.830495 0.556983
vn 0.620162 0.735768 -0.272113
vn 0.648241 0.718624 -0.251720
vn 0.632546 0.728838 -0.262071
vn 0.655118 0.743571 0.133874
vn 0.125265 0.611131 0.781555
vn -0.677652 0.239802 0.695186
vn -0.859643 0.129205 0.494287
vn -0.900181 0.123777 0.417557
vn 0.611798 0.732360 -0.298918
vn 0.130053 0.943723 0.304094
vn -0.081048 0.853015 0.515555
vn 0.460130 -0.666234 0.586868
vn 0.274760 -0.830755 0.484101
vn 0.363215 0.725799 -0.584201
vn 0.038578 0.044163 -0.998279
vn -0.550940 0.322623 -0.769662
vn -0.225738 0.900996 -0.370471
vn 0.456231 -0.373368 -0.807744
vn 0.400508 0.228470 -0.887353
vn 0.217906 0.583555 -0.782292
vn 0.706609 0.278220 -0.650613
vn -0.040119 0.469730 -0.881898
vn 0.202707 0.602244 -0.772147
vn -0.253199 0.812707 -0.524784
vn 0.524505 0.331205 -0.784345
vn 0.469512 -0.144203 -0.871071
vn 0.746693 -0.149338 -0.648187
vn 0.555033 -0.208020 -0.805398
vn 0.298515 0.286122 -0.910507
vn 0.400574 0.178838 -0.898642
vn 0.694488 -0.330864 -0.638917
vn 0.156665 0.864688 -0.477253
vn 0.040272 0.797123 -0.602473
vn 0.510767 0.541381 -0.667850
vn -0.096661 0.415023 -0.904662
vn 0.483547 0.732373 -0.479387
vn 0.071637 0.799209 -0.596768
vn 0.675897 -0.002132 -0.736993
vn 0.404995 -0.376357 -0.833267
vn -0.096153 -0.448099 -0.888798
vn -0.496185 0.061560 -0.866032
vn -0.092939 0.735807 -0.670784
vn -0.429238 0.494835 -0.755574
vn 0.165608 0.406176 -0.898663
vn 0.673214 0.045433 -0.738051
vn 0.363816 -0.121249 -0.923546
vn 0.265077 -0.559233 -0.785488
vn -0.119246 -0.590409 -0.798247
vn 0.021713 -0.050504 -0.998488
vn -0.472003 0.790545 -0.390193
vn -0.738678 0.554392 -0.383411
vn -0.964039 0.132993 -0.230091
vn -0.980724 0.174604 -0.087721
vn -0.686702 -0.246709 -0.683794
vn -0.592946 0.674538 -0.439787
vn 0.256339 0.416934 -0.872041
vn 0.443294 0.261238 -0.857464
vn 0.564282 0.134814 -0.814500
vn -0.036285 0.196975 -0.979737
vn -0.658267 0.202620 -0.725003
vn -0.531528 0.664018 -0.525888
vn -0.584718 0.738330 -0.336116
vn -0.402213 0.862613 -0.306796
vn -0.376158 0.838223 -0.394825
vn -0.147754 0.335098 -0.930526
vn -0.643338 0.509883 -0.571083
vn -0.094228 0.990182 -0.103254
vn 0.520740 0.348481 -0.779353
vn 0.737025 0.322281 -0.594079
vn -0.065624 0.316374 -0.946362
vn 0.282350 0.188956 -0.940518
vn -0.111984 0.061821 -0.991785
vn 0.472708 -0.401898 -0.784236
vn 0.768626 -0.380779 -0.514025
vn 0.953284 -0.190055 -0.234796
vn 0.987563 0.115699 0.106459
vn 0.751543 0.584556 0.305741
vn 0.425056 0.858702 0.286285
vn 0.084899 0.988016 0.128905
vn 0.473784 0.847883 -0.237959
vn 0.852232 0.335957 -0.401041
vn 0.257927 0.416000 -0.872019
vn 0.142869 0.326629 -0.934292
vn 0.441246 0.403253 -0.801679
vn 0.722385 0.456849 -0.519086
vn -0.940725 -0.114102 -0.319401
vn -0.961781 -0.094428 -0.257022
vn 0.420496 0.853929 0.306575
vn 0.287231 0.926437 0.243337
vn -0.088193 -0.987249 -0.132518
vn 0.396037 0.773773 -0.494399
vn -0.356026 0.872816 0.333824
vn -0.336644 0.932554 -0.130435
vn -0.500829 0.720353 -0.479857
vn 0.057798 0.532021 -0.844756
vn -0.563446 0.627515 -0.537358
vn -0.081827 0.504567 -0.859487
vn -0.409088 0.741669 -0.531577
vn -0.666653 0.410986 -0.621824
vn -0.639156 -0.132966 -0.757496
vn -0.484744 0.644385 -0.591431
vn 0.841260 -0.103762 0.530581
vn -0.419864 0.330398 -0.845311
vn -0.380551 0.143018 -0.913634
vn -0.762956 0.247106 -0.597358
vn -0.684647 0.237616 -0.689055
vn -0.837303 -0.003189 -0.546730
vn -0.819455 0.423058 -0.386673
vn -0.767201 -0.353116 -0.535455
vn -0.846665 -0.147418 -0.511299
vn -0.385122 0.306453 -0.870499
vn -0.385152 0.533016 -0.753360
vn -0.323659 0.623110 -0.712025
vn 0.210024 0.846326 -0.489512
vn 0.861312 -0.145249 0.486871
vn -0.503237 0.621850 0.600047
vn -0.374552 0.923459 0.083277
vn 0.155437 0.947317 -0.280055
vn -0.430476 0.357681 0.828707
vn -0.468749 0.294477 0.832801
vn -0.610028 0.261120 0.748120
vn -0.574255 0.647126 0.501458
vn -0.465828 0.820866 0.330429
vn -0.893682 0.341666 0.290854
vn -0.906896 -0.370531 0.200613
vn -0.639902 -0.623414 0.449310
vn -0.506240 -0.646413 0.570852
vn -0.436500 -0.709998 0.552603
vn -0.251679 -0.889508 0.381357
vn -0.308520 0.904067 -0.295765
vn -0.850769 0.446926 -0.276496
vn -0.835814 0.323875 -0.443306
vn -0.883718 0.256640 -0.391381
vn -0.465046 -0.213809 -0.859080
vn -0.818320 0.567724 -0.089675
vn -0.654184 0.290460 -0.698338
vn -0.693393 0.055053 -0.718454
vn -0.505461 -0.301440 -0.808482
vn -0.539461 -0.107946 -0.835063
vn -0.293224 0.016884 -0.955895
vn -0.411749 -0.002012 -0.911295
vn -0.135618 -0.071816 -0.988155
vn -0.127492 -0.093848 -0.987390
vn -0.056374 0.318490 -0.946248
vn 0.037265 0.628480 -0.776933
vn 0.065703 0.651249 -0.756014
vn 0.367043 0.764392 -0.530080
vn 0.605138 0.754496 -0.254056
vn 0.604734 0.750094 -0.267684
vn 0.489084 0.839606 0.236343
vn 0.439115 0.855153 0.275485
vn 0.321024 0.591632 0.739537
vn 0.385295 0.409028 0.827190
vn 0.487708 0.166454 0.856991
vn 0.603843 -0.079211 0.793158
vn 0.514172 -0.543731 0.663312
vn -0.984620 -0.169462 -0.042504
vn -0.902986 -0.147816 -0.403444
vn -0.797753 0.594259 -0.102214
vn -0.828616 0.312206 -0.464675
vn 0.506056 0.858641 0.081500
vn -0.878222 -0.474603 -0.058974
vn -0.711296 -0.697487 -0.087004
vn -0.074063 -0.843543 -0.531930
vn 0.356014 0.038583 -0.933684
vn 0.035803 0.121275 -0.991973
vn 0.436431 -0.441771 -0.783815
vn 0.371092 -0.634946 -0.677594
vn -0.103150 -0.325303 -0.939967
vn 0.564861 -0.218494 -0.795734
vn 0.483142 0.019655 -0.875321
vn -0.562253 -0.541966 -0.624615
vn -0.075161 -0.932709 -0.352712
vn -0.481532 -0.825464 -0.294510
vn -0.004878 -0.912659 0.408694
vn 0.214947 -0.827207 -0.519159
vn -0.197188 -0.822726 -0.533141
vn -0.153886 -0.978685 -0.135994
vn 0.278228 -0.950302 -0.139699
vn -0.126282 -0.989782 0.066218
vn 0.195351 -0.970762 0.139496
vn 0.284936 -0.458217 -0.841931
vn 0.059093 -0.992985 -0.102420
vn 0.244776 -0.966739 0.074170
vn 0.386455 -0.904218 0.181775
vn 0.528711 -0.834668 -0.154253
vn 0.677369 -0.698184 -0.231754
vn 0.396167 -0.878367 0.267438
vn -0.241434 -0.967276 -0.078013
vn 0.028051 -0.987641 0.154205
vn 0.343821 -0.869214 0.355323
vn -0.390731 -0.852046 -0.348349
vn -0.449321 -0.743854 -0.494766
vn 0.214400 -0.971683 -0.099326
vn 0.407941 -0.755972 -0.511947
vn 0.725095 -0.659500 0.198234
vn 0.669064 -0.678390 -0.303548
vn 0.616704 -0.774002 0.143519
vn 0.685155 -0.458306 -0.566143
vn 0.715277 -0.697244 -0.047225
vn 0.283057 -0.822672 0.493040
vn 0.106412 -0.908078 0.405057
vn 0.240738 -0.923012 0.300156
vn 0.224979 -0.973973 0.027589
vn -0.101569 -0.976843 -0.188311
vn -0.512318 -0.847286 -0.140128
vn -0.805683 -0.539366 -0.244865
vn -0.628798 -0.588080 0.508699
vn -0.948451 -0.032914 0.315209
vn -0.086163 -0.994564 0.058460
vn -0.034753 -0.917150 0.397024
vn 0.182637 -0.972018 0.147731
vn 0.031820 -0.951698 0.305381
vn 0.095754 -0.969824 0.224218
vn 0.426213 -0.848671 -0.313209
vn 0.512707 -0.780338 -0.358057
vn -0.326912 0.125528 -0.936681
vn -0.628425 0.261859 -0.732470
vn 0.015301 0.467835 -0.883684
vn 0.542873 0.421238 -0.726531
vn 0.412345 0.389850 -0.823401
vn 0.227014 0.564178 -0.793831
vn -0.155001 0.769834 -0.619137
vn -0.594857 0.733996 -0.327712
vn -0.793251 0.600654 -0.099842
vn -0.848336 0.449292 0.280112
vn -0.982028 0.174050 0.072997
vn -0.371629 -0.833203 0.409469
vn 0.050383 -0.959118 -0.278486
vn 0.099768 -0.872376 -0.478546
vn -0.293829 -0.920992 -0.255808
vn 0.070455 -0.997473 -0.009189
vn -0.178310 -0.983630 0.026024
vn -0.317076 -0.947111 0.049431
vn -0.420459 -0.904365 -0.073062
vn 0.321453 -0.632801 -0.704437
vn -0.009755 -0.869070 -0.494592
vn -0.259641 -0.649971 -0.714230
vn -0.626386 -0.701838 -0.339210
vn -0.195352 -0.932801 -0.302853
vn 0.285801 -0.933884 -0.214891
vn 0.606350 -0.783283 -0.137141
vn 0.701658 -0.709912 0.060836
vn 0.837695 -0.413367 0.356925
vn 0.719425 0.694537 0.006747
# 436 normals

usemtl Default
f 242/1/242 70/2/70 67/3/67 241/4/241
f 414/5/414 71/6/71 66/7/66 415/8/415
f 65/9/65 66/7/66 71/6/71
f 66/7/66 65/9/65 69/10/69 68/11/68
f 61/12/61 350/13/350 66/7/66 68/11/68
f 415/8/415 66/7/66 350/13/350 416/14/416
f 57/15/57 40/16/40 41/17/41 60/18/60
f 277/19/277 40/16/40 57/15/57 278/20/278
f 56/21/56 53/22/53 2/23/2 55/24/55
f 195/25/195 55/24/55 2/23/2 196/26/196
f 8/27/8 10/28/10 11/29/11 54/30/54
f 308/31/308 52/32/52 3/33/3 307/34/307
f 169/35/169 322/36/322 6/37/6
f 50/38/50 7/39/7 6/37/6 322/40/322
f 50/38/50 49/41/49 4/42/4 7/39/7
f 49/41/49 48/43/48 5/44/5 4/42/4
f 42/45/42 5/44/5 48/43/48 41/46/41
f 188/47/188 43/48/43 40/16/40 277/19/277
f 315/49/315 29/50/29 46/51/46 316/52/316
f 26/53/26 45/54/45 46/51/46 29/50/29
f 26/53/26 43/55/43 188/47/188
f 43/55/43 26/53/26 1/56/1 42/57/42
f 23/58/23 5/44/5 42/45/42 1/59/1
f 43/48/43 42/60/42 41/17/41 40/16/40
f 1/56/1 26/53/26 27/61/27 23/62/23
f 307/34/307 3/33/3 197/63/197 310/64/310
f 197/65/197 3/66/3 6/37/6 198/67/198
f 4/42/4 14/68/14 199/69/199 7/39/7
f 23/70/23 14/68/14 4/42/4 5/44/5
f 198/67/198 6/37/6 7/39/7 199/69/199
f 311/71/311 9/72/9 16/73/16 312/74/312
f 10/75/10 8/76/8 15/77/15 13/78/13
f 13/79/13 12/80/12 11/29/11 10/28/10
f 12/80/12 13/79/13 22/81/22 17/82/17
f 15/77/15 24/83/24 22/84/22 13/78/13
f 16/85/16 14/68/14 23/70/23 25/86/25
f 312/74/312 16/73/16 25/87/25 313/88/313
f 37/89/37 17/90/17 22/91/22 20/92/20
f 20/92/20 22/91/22 24/93/24 36/94/36
f 18/95/18 33/96/33 35/97/35 19/98/19
f 19/98/19 35/97/35 38/99/38 21/100/21
f 21/100/21 38/99/38 37/89/37 20/92/20
f 28/101/28 25/102/25 23/62/23 27/61/27
f 313/103/313 25/102/25 28/101/28 314/104/314
f 29/50/29 28/101/28 27/61/27 26/53/26
f 314/104/314 28/101/28 29/50/29 315/49/315
f 39/105/39 36/106/36 31/107/31 34/108/34
f 34/108/34 31/109/31 30/110/30 32/111/32
f 19/98/19 34/108/34 32/111/32 18/95/18
f 21/100/21 39/105/39 34/108/34 19/98/19
f 20/92/20 36/94/36 39/105/39 21/100/21
f 417/112/417 61/113/61 74/114/74 418/115/418
f 60/18/60 64/116/64 418/117/418 57/15/57
f 68/118/68 69/119/69 76/120/76 78/121/78
f 74/114/74 61/113/61 68/118/68 78/121/78
f 80/122/80 77/123/77 63/124/63 79/125/79
f 81/126/81 74/114/74 63/124/63 77/123/77
f 58/127/58 75/128/75 59/129/59 47/130/47
f 18/95/18 32/111/32 30/110/30 82/131/82
f 82/131/82 83/132/83 33/96/33 18/95/18
f 316/52/316 46/51/46 84/133/84 317/134/317
f 317/134/317 84/133/84 85/135/85 318/136/318
f 86/137/86 35/138/35 33/139/33 87/140/87
f 38/141/38 35/142/35 86/143/86 88/144/88
f 38/141/38 88/144/88 17/145/17 37/146/37
f 12/80/12 17/82/17 89/147/89 90/148/90
f 12/80/12 90/148/90 91/149/91 11/29/11
f 54/30/54 11/29/11 91/149/91 92/150/92
f 94/151/94 93/152/93 92/150/92 91/149/91
f 94/151/94 91/149/91 90/148/90 89/147/89
f 194/153/194 96/154/96 95/155/95 193/156/193
f 193/156/193 95/155/95 55/24/55 195/25/195
f 98/157/98 44/158/44 47/130/47 59/129/59
f 99/159/99 84/133/84 46/51/46 45/54/45
f 98/157/98 99/159/99 45/54/45 44/158/44
f 99/159/99 98/157/98 85/135/85 84/133/84
f 100/160/100 85/161/85 98/162/98 59/163/59
f 318/164/318 85/165/85 100/166/100 319/167/319
f 102/168/102 100/160/100 59/163/59 75/169/75
f 319/167/319 100/166/100 102/170/102 320/171/320
f 87/140/87 33/139/33 83/172/83 101/173/101
f 101/174/101 103/175/103 86/137/86 87/140/87
f 105/176/105 88/144/88 86/143/86 104/177/104
f 89/178/89 17/145/17 88/144/88 105/176/105
f 109/179/109 107/180/107 106/181/106 108/182/108
f 108/182/108 110/183/110 111/184/111 109/179/109
f 142/185/142 111/184/111 110/183/110 141/186/141
f 124/187/124 113/188/113 112/189/112 123/190/123
f 118/191/118 116/192/116 120/193/120 119/194/119
f 117/195/117 116/192/116 118/191/118
f 121/196/121 112/189/112 113/197/113 122/198/122
f 123/190/123 114/199/114 115/200/115 124/187/124
f 116/192/116 126/201/126 125/202/125 293/203/293
f 128/204/128 119/205/119 120/206/120 127/207/127
f 293/203/293 125/202/125 129/208/129 306/209/306
f 306/209/306 129/208/129 435/210/435
f 119/194/119 132/211/132 131/212/131 118/191/118
f 126/213/126 116/214/116 113/188/113 124/187/124
f 117/215/117 122/198/122 113/197/113 116/216/116
f 118/191/118 131/212/131 133/217/133 117/195/117
f 117/195/117 133/217/133 134/218/134
f 117/215/117 134/219/134 122/198/122
f 142/185/142 122/198/122 134/219/134 143/220/143
f 154/221/154 136/222/136 138/223/138 155/224/155
f 155/225/155 138/226/138 107/180/107 109/179/109
f 309/227/309 97/228/97 172/229/172
f 158/230/158 161/231/161 168/232/168 171/233/171
f 137/234/137 109/235/109 111/236/111 135/237/135
f 141/186/141 121/196/121 122/198/122 142/185/142
f 143/220/143 135/238/135 111/184/111 142/185/142
f 135/237/135 143/239/143 137/234/137
f 134/240/134 156/241/156 144/242/144 143/243/143
f 144/242/144 146/244/146 137/245/137 143/243/143
f 152/246/152 147/247/147 136/248/136 154/249/154
f 149/250/149 147/247/147 152/246/152
f 268/251/268 151/252/151 153/253/153 269/254/269
f 156/255/156 148/256/148 146/257/146 144/258/144
f 152/259/152 146/257/146 148/256/148
f 269/254/269 153/253/153 150/260/150 270/261/270
f 152/246/152 154/249/154 137/245/137 146/244/146
f 154/221/154 155/224/155 109/235/109 137/234/137
f 267/262/267 157/263/157 151/252/151 268/251/268
f 153/253/153 161/264/161 158/265/158 150/260/150
f 161/264/161 153/253/153 151/266/151 160/267/160
f 160/267/160 151/266/151 157/268/157 159/269/159
f 266/270/266 159/271/159 157/263/157 267/262/267
f 156/241/156 134/240/134 133/272/133 131/273/131
f 131/273/131 145/274/145 162/275/162 156/241/156
f 163/276/163 145/277/145 131/212/131 132/211/132
f 145/274/145 164/278/164 165/279/165 162/275/162
f 265/280/265 166/281/166 159/271/159 266/270/266
f 167/282/167 160/267/160 159/269/159 166/283/166
f 168/284/168 161/264/161 160/267/160 167/285/167
f 351/286/351 325/287/325 73/288/73
f 67/3/67 351/289/351 73/290/73 241/4/241
f 270/291/270 150/292/150 170/293/170 271/294/271
f 158/230/158 171/233/171 170/293/170 150/292/150
f 397/295/397 401/296/401 396/297/396
f 174/298/174 173/299/173 176/300/176 147/301/147
f 180/302/180 178/303/178 278/20/278 175/304/175
f 175/304/175 348/305/348 185/306/185 180/302/180
f 173/299/173 179/307/179 341/308/341 176/300/176
f 177/309/177 139/310/139 176/300/176 341/308/341
f 106/311/106 107/312/107 139/313/139 177/314/177
f 108/182/108 106/315/106 342/316/342 343/317/343
f 108/182/108 343/317/343 141/186/141 110/183/110
f 343/317/343 344/318/344 121/196/121 141/186/141
f 112/189/112 121/196/121 344/318/344 345/319/345
f 345/319/345 346/320/346 123/190/123 112/189/112
f 347/321/347 114/199/114 123/190/123 346/320/346
f 126/213/126 124/187/124 115/200/115 125/322/125
f 186/323/186 129/324/129 125/322/125 115/200/115
f 186/323/186 115/200/115 114/199/114 187/325/187
f 347/321/347 187/325/187 114/199/114
f 344/318/344 89/326/89 105/327/105 345/319/345
f 343/317/343 94/328/94 89/326/89 344/318/344
f 342/329/342 93/330/93 94/328/94 343/317/343
f 341/331/341 342/332/342 106/311/106 177/314/177
f 341/331/341 182/333/182 93/334/93 342/332/342
f 190/335/190 341/308/341 179/307/179 191/336/191
f 340/337/340 192/338/192 182/339/182 341/340/341
f 193/156/193 92/341/92 93/342/93 194/153/194
f 195/25/195 54/30/54 92/341/92 193/156/193
f 196/26/196 8/27/8 54/30/54 195/25/195
f 310/64/310 197/63/197 9/343/9 311/344/311
f 198/67/198 16/85/16 9/345/9 197/65/197
f 199/69/199 14/68/14 16/85/16 198/67/198
f 182/339/182 192/338/192 194/153/194 93/342/93
f 194/153/194 192/338/192 200/346/200 96/154/96
f 339/347/339 200/346/200 192/338/192 340/337/340
f 191/336/191 202/348/202 201/349/201 190/335/190
f 345/319/345 105/327/105 104/350/104 346/320/346
f 346/320/346 104/350/104 203/351/203 347/321/347
f 203/351/203 204/352/204 347/321/347
f 132/353/132 119/205/119 128/204/128 189/354/189
f 214/355/214 206/356/206 207/357/207 215/358/215
f 263/359/263 168/232/168 167/360/167 264/361/264
f 175/304/175 278/20/278 57/15/57
f 261/362/261 171/233/171 168/232/168 263/359/263
f 211/363/211 210/364/210 212/365/212 205/366/205
f 213/367/213 211/363/211 205/366/205 208/368/208
f 215/358/215 208/369/208 205/370/205 214/355/214
f 214/355/214 205/370/205 212/371/212 216/372/216
f 217/373/217 206/356/206 214/355/214 216/374/216
f 216/372/216 212/371/212 218/375/218 217/376/217
f 219/377/219 218/378/218 212/365/212 210/364/210
f 139/313/139 107/312/107 138/223/138 136/222/136
f 176/300/176 139/310/139 136/379/136 147/301/147
f 264/361/264 167/360/167 166/281/166 265/280/265
f 209/380/209 165/279/165 164/278/164 220/381/220
f 220/381/220 221/382/221 219/383/219 209/380/209
f 219/377/219 221/384/221 222/385/222 218/378/218
f 145/277/145 163/276/163 223/386/223 164/387/164
f 224/388/224 220/389/220 164/387/164 223/386/223
f 228/390/228 132/353/132 189/354/189 227/391/227
f 227/391/227 225/392/225 226/393/226 228/390/228
f 127/394/127 227/391/227 189/354/189 128/204/128
f 130/395/130 225/392/225 227/391/227 127/396/127
f 229/397/229 225/392/225 130/395/130
f 225/392/225 229/397/229 230/398/230 226/399/226
f 373/400/373 231/401/231 232/402/232 408/403/408
f 163/276/163 132/211/132 228/404/228 223/386/223
f 228/404/228 233/405/233 224/388/224 223/386/223
f 220/389/220 224/388/224 233/405/233 221/406/221
f 234/407/234 233/405/233 228/404/228 226/408/226
f 233/405/233 234/407/234 235/409/235 221/406/221
f 222/385/222 221/384/221 235/410/235 236/411/236
f 222/385/222 236/411/236 237/412/237 238/413/238
f 218/375/218 222/414/222 238/415/238 217/376/217
f 206/416/206 217/376/217 238/415/238 239/417/239
f 240/418/240 239/419/239 238/413/238 237/412/237
f 241/4/241 73/290/73 72/420/72 242/1/242
f 72/421/72 244/422/244 243/423/243 242/424/242
f 245/425/245 70/426/70 242/424/242 243/423/243
f 245/427/245 207/428/207 206/416/206 239/417/239
f 243/429/243 244/430/244 207/428/207 245/427/245
f 246/431/246 215/358/215 207/357/207
f 70/426/70 245/425/245 239/419/239 240/418/240
f 413/432/413 247/433/247 71/6/71 414/5/414
f 412/434/412 248/435/248 247/436/247 413/437/413
f 411/438/411 249/439/249 248/435/248 412/434/412
f 410/440/410 250/441/250 249/439/249 411/438/411
f 408/442/408 232/443/232 251/444/251 409/445/409
f 409/445/409 251/444/251 250/446/250 410/447/410
f 308/448/308 53/449/53 56/21/56 309/227/309
f 285/450/285 258/451/258 282/452/282 286/453/286
f 271/454/271 170/455/170 260/456/260 272/457/272
f 170/455/170 171/458/171 259/459/259 260/456/260
f 262/460/262 259/459/259 171/458/171 261/461/261
f 261/461/261 211/462/211 213/463/213 262/460/262
f 263/359/263 210/464/210 211/465/211 261/362/261
f 264/361/264 209/466/209 219/467/219 210/464/210 263/359/263
f 265/280/265 165/468/165 209/466/209 264/361/264
f 266/270/266 162/469/162 165/468/165 265/280/265
f 267/262/267 156/255/156 162/469/162 266/270/266
f 268/251/268 148/256/148 156/255/156 267/262/267
f 269/254/269 152/259/152 148/256/148 268/251/268
f 270/261/270 149/470/149 152/259/152 269/254/269
f 271/294/271 147/247/147 149/250/149 270/291/270
f 272/457/272 174/298/174 147/301/147 271/454/271
f 274/471/274 273/472/273 259/473/259 262/474/262
f 273/472/273 275/475/275 260/476/260 259/473/259
f 275/475/275 276/477/276 272/478/272 260/476/260
f 181/479/181 178/303/178 180/302/180 183/480/183
f 277/19/277 278/20/278 178/303/178
f 279/481/279 191/482/191 179/483/179 173/484/173
f 279/481/279 173/484/173 174/485/174 436/486/436
f 185/306/185 184/487/184 183/480/183 180/302/180
f 280/488/280 202/489/202 191/482/191 279/481/279
f 280/488/280 279/481/279 436/486/436 352/490/352
f 181/479/181 183/480/183 384/491/384 58/127/58
f 178/303/178 181/479/181 277/19/277
f 258/451/258 280/488/280 352/490/352 282/452/282
f 283/492/283 202/489/202 280/488/280 258/451/258
f 202/348/202 283/493/283 284/494/284 201/349/201
f 287/495/287 285/450/285 286/453/286 288/496/288
f 283/493/283 258/497/258 285/498/285 284/494/284
f 288/496/288 256/499/256 257/500/257 287/495/287
f 284/494/284 285/498/285 287/501/287 289/502/289
f 273/503/273 288/504/288 286/505/286 275/506/275
f 275/506/275 286/505/286 282/452/282 276/507/276
f 398/508/398 384/491/384 183/480/183 184/487/184
f 274/509/274 256/510/256 288/504/288 273/503/273
f 262/474/262 213/511/213 256/512/256 274/471/274
f 295/513/295 256/512/256 213/511/213 294/514/294
f 289/502/289 287/501/287 257/515/257 292/516/292
f 294/514/294 290/517/290 291/518/291 295/513/295
f 295/519/295 296/520/296 257/500/257 256/499/256
f 292/516/292 257/515/257 296/521/296 297/522/297
f 296/520/296 295/519/295 291/523/291 298/524/298
f 293/203/293 120/193/120 116/192/116
f 299/525/299 300/526/300 291/518/291 290/517/290
f 298/527/298 291/518/291 300/526/300 301/528/301
f 335/529/335 302/530/302 303/531/303 336/532/336
f 336/532/336 303/531/303 304/533/304 337/534/337
f 337/535/337 304/533/304 305/536/305 338/537/338
f 338/538/338 305/536/305 200/346/200 339/347/339
f 307/34/307 2/23/2 53/22/53 308/31/308
f 172/229/172 52/539/52 308/448/308 309/227/309
f 310/64/310 196/26/196 2/23/2 307/34/307
f 311/344/311 8/27/8 196/26/196 310/64/310
f 312/74/312 15/77/15 8/76/8 311/71/311
f 313/88/313 24/83/24 15/77/15 312/74/312
f 314/104/314 36/540/36 24/541/24 313/103/313
f 315/49/315 31/542/31 36/540/36 314/104/314
f 316/52/316 30/543/30 31/542/31 315/49/315
f 317/134/317 82/544/82 30/543/30 316/52/316
f 318/136/318 83/545/83 82/544/82 317/134/317
f 319/167/319 101/546/101 83/547/83 318/164/318
f 320/171/320 103/548/103 101/546/101 319/167/319
f 309/227/309 56/21/56 55/24/55 95/155/95
f 95/155/95 96/154/96 97/228/97 309/227/309
f 96/154/96 200/346/200 305/536/305 97/228/97
f 305/536/305 304/533/304 252/549/252 255/550/255
f 321/551/321 97/228/97 305/536/305 255/550/255
f 253/552/253 254/553/254 321/551/321 255/550/255
f 322/554/322 253/552/253 255/550/255 252/549/252
f 322/554/322 252/549/252 304/533/304 323/555/323
f 304/533/304 303/531/303 324/556/324 323/555/323
f 51/557/51 324/556/324 303/531/303 302/530/302
f 294/558/294 213/367/213 208/368/208 290/559/290
f 290/559/290 208/368/208 215/560/215 299/561/299
f 299/561/299 215/560/215 246/562/246 326/563/326
f 246/562/246 207/428/207 244/430/244 326/563/326
f 326/563/326 327/564/327 328/565/328 299/561/299
f 326/563/326 244/430/244 72/566/72 327/564/327
f 329/567/329 300/526/300 299/525/299 328/568/328
f 301/528/301 300/526/300 329/567/329 330/569/330
f 306/209/306 127/570/127 120/193/120 293/203/293
f 333/571/333 331/572/331 302/530/302 335/573/335
f 334/574/334 332/575/332 331/572/331 333/571/333
f 333/571/333 330/576/330 329/577/329 334/574/334
f 335/573/335 297/578/297 330/576/330 333/571/333
f 336/532/336 292/579/292 297/580/297 335/529/335
f 337/534/337 289/581/289 292/579/292 336/532/336
f 338/537/338 284/582/284 289/583/289 337/535/337
f 339/347/339 201/584/201 284/585/284 338/538/338
f 340/337/340 190/586/190 201/584/201 339/347/339
f 341/340/341 190/586/190 340/337/340
f 185/587/185 348/588/348 74/114/74 81/126/81
f 185/589/185 81/590/81 400/591/400 184/592/184
f 57/15/57 418/117/418 348/305/348 175/304/175
f 188/47/188 44/158/44 45/54/45 26/53/26
f 277/19/277 47/130/47 44/158/44 188/47/188
f 181/479/181 58/127/58 47/130/47 277/19/277
f 418/115/418 74/114/74 348/588/348
f 329/577/329 328/593/328 327/594/327 334/574/334
f 327/595/327 72/596/72 73/288/73 334/597/334
f 334/597/334 73/288/73 325/287/325 332/575/332
f 331/572/331 332/575/332 51/557/51 302/530/302
f 325/287/325 349/598/349 51/557/51 332/575/332
f 416/14/416 350/13/350 61/599/61 417/600/417
f 325/287/325 351/286/351 62/601/62 349/598/349
f 436/486/436 276/507/276 282/452/282 352/490/352
f 435/210/435 130/602/130 127/570/127 306/209/306
f 272/478/272 276/477/276 436/486/436 174/485/174
f 323/603/323 324/604/324 50/38/50 322/40/322
f 49/41/49 50/38/50 324/604/324 51/605/51
f 48/43/48 49/41/49 51/605/51 349/606/349
f 64/607/64 60/608/60 354/609/354 62/610/62
f 353/611/353 354/609/354 60/608/60 41/46/41
f 353/611/353 41/46/41 48/43/48
f 62/612/62 354/613/354 353/611/353 349/606/349
f 353/611/353 48/43/48 349/606/349
f 63/124/63 78/121/78 76/120/76 79/125/79
f 65/614/65 355/615/355 76/616/76 69/617/69
f 356/618/356 357/619/357 71/6/71 247/433/247
f 65/614/65 358/620/358 359/621/359 355/615/355
f 360/622/360 361/623/361 249/439/249 250/441/250
f 249/439/249 361/623/361 362/624/362 248/435/248
f 362/624/362 356/625/356 247/436/247 248/435/248
f 361/623/361 360/622/360 359/621/359 358/620/358
f 356/625/356 362/624/362 361/623/361 358/620/358
f 357/626/357 356/625/356 358/620/358 65/614/65
f 65/9/65 71/6/71 357/627/357
f 360/628/360 250/446/250 251/444/251 232/443/232
f 232/443/232 231/629/231 363/630/363 360/628/360
f 429/631/429 360/632/360 363/630/363 430/633/430
f 367/634/367 368/635/368 363/630/363 231/629/231
f 430/633/430 363/630/363 368/635/368 431/636/431
f 365/637/365 369/638/369 371/639/371 364/640/364
f 140/641/140 372/642/372 370/643/370 281/644/281
f 385/645/385 371/639/371 369/638/369 375/646/375
f 230/398/230 229/397/229 130/647/130 378/648/378
f 407/649/407 367/650/367 231/401/231 373/400/373
f 381/651/381 320/171/320 102/170/102 380/652/380
f 382/653/382 103/548/103 320/171/320 381/651/381
f 382/653/382 104/654/104 86/137/86 103/175/103
f 382/653/382 379/655/379 203/656/203 104/654/104
f 75/169/75 383/657/383 380/652/380 102/168/102
f 383/658/383 75/128/75 58/127/58 384/491/384
f 434/659/434 378/660/378 130/602/130 435/210/435
f 389/661/389 387/662/387 129/208/129 388/663/388
f 129/324/129 186/323/186 390/664/390 388/665/388
f 187/325/187 391/666/391 390/664/390 186/323/186
f 187/325/187 347/321/347 392/667/392 391/668/391
f 347/321/347 393/669/393 392/667/392
f 393/670/393 347/321/347 204/352/204 394/671/394
f 204/672/204 203/656/203 379/655/379 394/673/394
f 395/674/395 379/655/379 382/653/382 381/651/381
f 380/652/380 396/297/396 395/674/395 381/651/381
f 396/297/396 380/652/380 383/657/383 397/295/397
f 397/675/397 383/658/383 384/491/384 398/508/398
f 399/676/399 397/675/397 398/508/398 400/677/400
f 402/678/402 401/296/401 397/295/397 399/679/399
f 396/297/396 401/296/401 403/680/403 395/674/395
f 403/680/403 394/673/394 379/655/379 395/674/395
f 394/673/394 403/680/403 404/681/404 393/682/393
f 404/681/404 405/683/405 392/684/392 393/682/393
f 406/685/406 391/686/391 392/684/392 405/683/405
f 406/685/406 388/687/388 390/688/390 391/689/391
f 388/687/388 406/685/406 385/690/385
f 375/691/375 389/661/389 388/663/388 385/692/385
f 374/693/374 385/690/385 406/685/406 405/683/405
f 404/681/404 372/694/372 140/641/140
f 401/296/401 402/678/402 404/681/404 403/680/403
f 404/681/404 402/678/402 372/694/372
f 373/400/373 230/398/230 378/695/378 407/649/407
f 408/696/408 226/399/226 230/398/230 373/400/373
f 409/445/409 234/407/234 226/408/226 408/442/408
f 410/447/410 235/409/235 234/407/234 409/445/409
f 411/438/411 236/697/236 235/698/235 410/440/410
f 412/434/412 237/699/237 236/697/236 411/438/411
f 413/437/413 240/700/240 237/699/237 412/434/412
f 414/5/414 70/2/70 240/701/240 413/432/413
f 415/8/415 67/3/67 70/2/70 414/5/414
f 416/14/416 351/289/351 67/3/67 415/8/415
f 417/600/417 62/702/62 351/289/351 416/14/416
f 418/115/418 64/703/64 62/704/62 417/112/417
f 433/705/433 407/706/407 378/660/378 434/659/434
f 432/707/432 367/708/367 407/706/407 433/705/433
f 431/636/431 368/635/368 367/709/367 432/710/432
f 427/711/427 359/712/359 360/713/360 429/714/429
f 281/715/281 370/716/370 364/640/364 371/639/371
f 386/717/386 364/718/364 370/719/370 377/720/377
f 377/720/377 370/719/370 372/721/372 376/722/376
f 366/723/366 376/724/376 372/725/372 402/726/402
f 366/723/366 402/726/402 399/727/399 419/728/419
f 80/122/80 419/729/419 399/730/399 77/731/77
f 399/730/399 400/591/400 81/590/81 77/731/77
f 298/527/298 297/522/297 296/521/296
f 428/732/428 355/733/355 359/712/359 427/711/427
f 386/717/386 377/720/377 420/734/420 421/735/421
f 377/720/377 376/722/376 423/736/423 420/734/420
f 424/737/424 423/736/423 376/724/376 366/723/366
f 425/738/425 424/737/424 366/723/366 419/728/419
f 425/738/425 419/729/419 80/122/80 426/739/426
f 426/739/426 79/125/79 76/740/76 422/741/422
f 427/711/427 386/742/386 421/743/421 428/732/428
f 429/714/429 364/744/364 386/742/386 427/711/427
f 430/633/430 365/637/365 364/745/364 429/746/429
f 431/636/431 369/638/369 365/637/365 430/633/430
f 432/710/432 375/646/375 369/638/369 431/636/431
f 433/705/433 389/661/389 375/691/375 432/707/432
f 434/659/434 387/662/387 389/661/389 433/705/433
f 435/210/435 129/208/129 387/662/387 434/659/434
f 76/740/76 355/733/355 428/732/428 422/741/422
f 422/741/422 428/732/428 421/743/421 420/734/420
f 422/741/422 424/737/424 425/738/425 426/739/426
f 420/734/420 423/736/423 424/737/424 422/741/422
f 80/122/80 79/125/79 426/739/426
f 63/124/63 74/114/74 78/121/78
f 301/528/301 330/569/330 297/522/297 298/527/298
f 184/487/184 400/677/400 398/508/398
f 254/553/254 172/229/172 97/228/97 321/551/321
f 6/37/6 3/66/3 52/747/52 169/35/169
f 169/748/169 254/553/254 253/552/253 322/554/322
f 172/229/172 254/553/254 169/748/169 52/539/52
f 371/639/371 385/645/385 281/715/281
f 281/644/281 385/690/385 374/693/374 140/641/140
f 140/641/140 374/693/374 405/683/405 404/681/404

g DRAGI

v -42.875973 69.066948 -78.037277
v -41.636356 63.634239 -71.711372
v -30.295687 68.573082 -66.395638
v -31.123741 74.993454 -72.135162
v -45.484589 61.270794 -76.776405
v -39.123360 73.624985 -81.523720
v -39.666237 70.179741 -86.064339
v -43.937645 65.550354 -81.659775
v -42.418488 56.441261 -75.430176
v -41.458397 57.028805 -73.250885
v -36.253208 55.316223 -74.079926
v -25.967493 65.584724 -67.885117
v -32.522263 55.388763 -74.875999
v -31.452669 72.123497 -67.759521
v -43.396042 66.294312 -73.916077
v -45.549961 63.477505 -78.631226
v -34.133717 74.155823 -81.129860
v -41.551430 71.414490 -80.819450
v -41.856358 67.991692 -84.218781
v -27.087637 58.878605 -78.268890
v -22.799824 64.443657 -70.665077
v -33.573975 60.969925 -69.415016
v -29.179560 59.783718 -71.194801
v -23.514002 59.163776 -73.866791
v -40.784058 59.253239 -70.972237
v -43.387756 57.898376 -75.811508
v -23.766756 71.599510 -68.516853
v -26.556419 73.003220 -68.344673
v -27.983082 74.326767 -69.445992
v -28.751797 75.137993 -71.752747
v -20.764601 69.639481 -70.739052
v -31.393513 75.017441 -76.741035
v -28.265097 74.457054 -75.283562
v -26.888054 74.238159 -71.718178
v -24.772987 73.098816 -71.419205
v -21.383593 70.291603 -73.023079
v -24.800184 72.591721 -73.952034
v -28.900631 73.021034 -79.623497
v -25.688112 71.331116 -77.750282
v -23.773993 69.651909 -77.626793
v -20.806543 68.100128 -72.522820
v -21.966921 64.565323 -72.646553
v -21.055796 68.946884 -73.929260
v -23.169071 68.326981 -77.593246
v -22.070879 62.597126 -73.002571
v -27.496244 62.306187 -69.220634
v -23.835493 62.459518 -73.106735
v -32.022530 64.484879 -67.560287
v -41.263111 61.536411 -70.927139
v -44.224049 59.276482 -76.236717
v -19.538872 61.842945 -72.157692
v -21.450094 58.170219 -73.740967
v -21.456074 64.074387 -74.120003
v -23.476463 65.597122 -78.318253
v -25.918636 65.643929 -82.490601
v -26.004038 68.316322 -82.549591
v -26.854406 69.889305 -82.444939
v -23.763870 57.488976 -78.462921
v -21.469124 64.664650 -79.028847
v -19.577684 63.693336 -74.171486
v -23.866230 64.372658 -82.998093
v -16.897629 60.831955 -72.916031
v -19.552588 58.185982 -74.324150
v -17.677387 62.658638 -75.279198
v -20.390928 63.646675 -79.754883
v -21.747671 63.348236 -83.368515
v -22.354658 57.948917 -82.133751
v -21.033648 57.564350 -78.785522
v -18.312784 58.831638 -73.637138
v -19.053827 58.927486 -77.793777
v -21.399330 59.826061 -83.207375
v -22.028008 62.003281 -84.506653
v -20.781134 59.231770 -72.700836
v -22.140577 60.546520 -72.624252
v 1.867728 84.377769 -97.638000
v 7.812560 82.794144 -99.945450
v 7.433922 85.120483 -100.832481
v 0.546339 87.742310 -99.669319
v 5.997646 84.838951 -105.100952
v -1.532854 88.821762 -103.541718
v -5.563600 87.334427 -111.067162
v 3.165339 83.469254 -110.998428
v -9.426450 86.461952 -107.819603
v -8.114170 83.447983 -100.934433
v -3.478180 85.159836 -98.162163
v -3.224438 88.562317 -103.525482
v -4.825559 77.753632 -90.650635
v -4.214097 81.393433 -92.417084
v 1.683647 80.169891 -91.056953
v 0.931514 77.210884 -89.110016
v -9.017647 80.745804 -97.603203
v -9.546815 76.333351 -95.426201
v -8.306821 81.342392 -99.327621
v -2.688623 81.477112 -96.324341
v 0.529583 79.393852 -96.025360
v 0.575548 75.885399 -94.188881
v -3.941234 73.839203 -94.165352
v -9.341496 74.696228 -94.252205
v -8.695161 72.271523 -93.215858
v -5.001413 72.041321 -93.704201
v -5.336559 70.613747 -96.391571
v -9.650178 69.679939 -96.710281
v -3.197874 72.886833 -95.753433
v 1.856454 73.835091 -95.139221
v 5.571874 75.950340 -97.184547
v 4.705414 77.692001 -99.965546
v 2.417799 81.651566 -96.864525
v -3.555371 69.245232 -95.872253
v -0.182774 70.973091 -94.768684
v 3.512969 71.098579 -94.940247
v 8.464050 73.977737 -97.468628
v 6.976992 74.524147 -102.249886
v 8.098296 81.401085 -102.778511
v 7.844761 83.601807 -103.758316
v -0.117115 82.795135 -116.855148
v 3.471952 67.958260 -96.693878
v 8.697684 71.146652 -98.340080
v 8.400328 71.970161 -102.690659
v 4.908348 74.194489 -107.143738
v 5.940458 71.827286 -107.652489
v 4.865158 78.572723 -109.021935
v 3.849789 81.144051 -110.739853
v -5.712361 86.867363 -114.864426
v 6.351844 66.989090 -99.219460
v 5.683895 65.909225 -105.658913
v 2.481275 62.886639 -100.234406
v -6.162770 64.182854 -98.741982
v 0.900319 76.296288 -91.882172
v -4.330865 75.187233 -92.130432
v -9.448832 75.360138 -94.654846
v 1.020593 79.726601 -93.983513
v -3.355025 81.771873 -94.500313
v -8.543373 80.995110 -98.681274
v 1.606953 33.273964 -81.513123
v 2.662086 33.909645 -74.012863
v -2.021336 36.557003 -75.459023
v -5.863206 37.278957 -83.040939
v 2.912613 32.362419 -72.723518
v 4.031629 27.707727 -79.241402
v -1.674601 31.157997 -70.539261
v -6.594494 23.474136 -74.711761
v -6.232425 34.726215 -73.240402
v -10.789518 32.213261 -75.678322
v -3.811412 36.077538 -74.286591
v -8.603440 36.399673 -77.667305
v -4.098176 33.072983 -71.809639
v -9.068368 28.032862 -74.463913
v -0.542832 34.503708 -73.365112
v 0.018347 35.661976 -75.335327
v -2.075960 35.388718 -83.439491
v 0.947607 31.859669 -71.126053
v 0.339176 24.590506 -75.299568
v -2.265757 34.049480 -72.248032
v -5.049293 35.637157 -73.579834
v -9.842401 34.657570 -76.474434
v -12.951283 30.320524 -77.358597
v -9.770229 23.082880 -79.653152
v -11.593746 26.616556 -77.111351
v -11.874681 33.913860 -79.421936
v -3.601726 20.099876 -81.232552
v 2.025822 24.186695 -82.399872
v 0.031266 31.754797 -84.001465
v -2.764110 34.475040 -85.950912
v -7.645124 35.053101 -86.300636
v -3.617874 30.222687 -87.739182
v -2.141588 24.879930 -86.339264
v -6.483094 21.194391 -84.983566
v -11.675470 24.251743 -81.991371
v 47.112171 25.216696 -131.383743
v 48.523769 25.994438 -136.636154
v 43.500423 30.501841 -134.937408
v 41.304558 29.534882 -131.054382
v 44.531456 26.174307 -141.504623
v 38.658718 31.456272 -137.895615
v 35.712742 30.800522 -133.070496
v 37.818481 25.996595 -129.684952
v 38.417072 21.942802 -129.727280
v 33.565929 27.885910 -130.735382
v 33.519901 30.937225 -137.299362
v 29.467278 26.613155 -135.686737
v 35.981144 31.043257 -140.643616
v 38.896149 26.264338 -142.936249
v 44.596981 20.947687 -142.018295
v 38.579815 20.439980 -143.461365
v 47.843040 22.646343 -138.267075
v 45.381016 21.011549 -132.715607
v 39.158615 18.255213 -130.929001
v 43.631329 17.772598 -134.287292
v 45.559727 18.530716 -139.687729
v 40.176300 15.125650 -134.584290
v 43.343121 17.539459 -141.573853
v 37.342274 17.104565 -142.280624
v 35.584354 14.648800 -136.854431
v 34.443398 17.549400 -133.099106
v 33.552380 21.218859 -130.449097
v 29.513462 21.981434 -132.451279
v 31.426369 18.544373 -134.609924
v 32.288246 15.613362 -138.364868
v 34.578861 18.301191 -142.627457
v 18.742270 56.582794 -135.357269
v 27.070787 57.709324 -132.465500
v 29.668518 54.412880 -139.430695
v 19.440865 54.236576 -139.451355
v 28.467434 56.127651 -129.027557
v 34.295048 54.291050 -134.308670
v 25.441099 52.902382 -124.943275
v 30.627892 47.775871 -130.505554
v 31.679556 46.101242 -136.586166
v 32.991444 51.316891 -138.312988
v 28.748066 50.463764 -141.129364
v 18.473230 48.673542 -140.039230
v 28.401669 44.790508 -141.029419
v 18.308279 43.551517 -138.496994
v 22.184649 56.738380 -127.755966
v 16.827730 54.152283 -133.290298
v 21.304192 50.574158 -126.480049
v 22.730145 44.913845 -127.882477
v 24.867685 41.085617 -133.505997
v 0.655382 52.825306 -160.645615
v 12.277779 44.524601 -162.043518
v 18.066809 45.578175 -167.933563
v 10.592330 57.499168 -165.744354
v 9.415676 57.213455 -174.798584
v 16.178982 47.623268 -175.647141
v 7.363587 54.787106 -181.294479
v 12.545568 47.007648 -181.950745
v 16.793016 53.150005 -165.442520
v 14.549047 53.642849 -175.832123
v 11.351910 51.921616 -182.486908
v 6.456802 48.652843 -161.384033
v 1.804235 53.359024 -178.470398
v -0.209878 56.292976 -172.045380
v 5.375295 55.679951 -162.556412
v 12.328224 51.376427 -161.880478
v 16.139334 45.232967 -163.646515
v 4.220840 57.794880 -173.451492
v 5.173111 55.186314 -180.822281
v 13.497859 41.160236 -169.811203
v 11.898679 42.135887 -175.805481
v 6.570627 42.204800 -182.500870
v 11.449640 40.852570 -166.427841
v 9.313721 41.890064 -163.901077
v 4.434253 47.473171 -186.458878
v 9.987321 44.229656 -182.782242
v 8.255322 49.632919 -185.212677
v 14.533489 44.471905 -176.006744
v 16.142202 43.003597 -168.886749
v 13.843349 42.804329 -164.943542
v 10.721427 43.181087 -162.287781
v 4.273183 59.645130 -168.413452
v -0.549070 56.572781 -166.831924
v 10.052864 57.844688 -171.093567
v 16.030478 53.830975 -171.617630
v 17.613323 46.660698 -172.611557
v 15.280283 43.788048 -173.120728
v 12.672142 41.576801 -173.394653
v -2.700807 51.192890 -171.574753
v -3.595395 52.021084 -167.050919
v -0.763162 48.388439 -178.102966
v 1.208746 45.765854 -184.843277
v 2.975843 41.731770 -182.665009
v 7.529624 39.520824 -174.376633
v 9.442487 39.308247 -172.707520
v 10.186007 39.431927 -170.065369
v 8.664232 40.742474 -166.597702
v 5.826206 42.175404 -165.089661
v 0.654581 43.357010 -177.508347
v 3.657779 40.997631 -172.491394
v -1.385657 47.191841 -170.811600
v 0.382453 44.311413 -168.598129
v 3.118603 44.790562 -163.360291
v -35.729683 58.045261 -170.563889
v -38.475121 56.271774 -171.482208
v -39.522102 54.665127 -161.203964
v -35.402889 58.446720 -160.515244
v -33.206341 56.139580 -170.621643
v -29.862125 56.230114 -162.144836
v -35.427608 54.340343 -172.415298
v -33.642014 50.887711 -163.136505
v -32.310940 49.885571 -158.888565
v -39.192120 53.295620 -157.848816
v -27.272396 54.690918 -162.379852
v -19.652506 52.101624 -161.169952
v -24.930843 44.267727 -156.181305
v -25.811180 58.965862 -162.775345
v -28.749847 60.495583 -162.753815
v -34.042061 62.762424 -161.021851
v -36.964520 63.815704 -158.529282
v -37.526489 59.867680 -156.826050
v -41.131020 57.098961 -158.287155
v -40.736374 55.085312 -156.876007
v -38.793327 54.948151 -153.809418
v -34.528873 52.868999 -151.623505
v -31.505741 48.028648 -153.360611
v -27.489319 44.406345 -152.585449
v -26.484856 63.925488 -161.297272
v -23.943592 62.083244 -160.642654
v -31.862112 66.310585 -159.380615
v -34.536514 66.080009 -156.689041
v -29.010054 66.940971 -155.315018
v -21.745813 62.587093 -155.693542
v -23.927444 64.532867 -155.923523
v -30.814360 65.777405 -153.448303
v -18.900387 60.467651 -152.104034
v -26.254396 64.863235 -150.475815
v -27.648397 62.747887 -148.377319
v -21.636154 63.477245 -151.991806
v -35.764809 58.888088 -167.086746
v -39.154774 55.680092 -167.685364
v -34.571247 52.262501 -169.571274
v -31.783199 56.221962 -167.500931
v -37.938171 56.568661 -161.115143
v -37.713287 57.355038 -167.439301
v -37.374557 57.496170 -171.460785
v -34.170769 55.185120 -171.941925
v -32.500225 53.655468 -169.126343
v -31.488708 52.579620 -163.769775
v -29.949141 51.975163 -160.767212
v -23.043451 46.120670 -160.744690
v -39.496010 58.447239 -157.659042
v -34.498428 58.799889 -167.317551
v -34.918938 57.809170 -170.754745
v -36.521328 57.130436 -171.917969
v -37.997360 55.697105 -172.225723
v -38.981243 54.260876 -168.526245
v -39.201839 52.755573 -162.309814
v -37.469360 52.112961 -158.153122
v -33.921329 51.233227 -152.041672
v -34.360683 58.987350 -162.499756
v -32.677513 62.214844 -161.757950
v -30.374525 65.716301 -159.953583
v -27.393896 67.196510 -155.447906
v -24.929523 64.666725 -150.845932
v -32.971973 62.657074 -151.116760
v -29.943184 60.723125 -147.272858
v -36.520103 63.453377 -154.215805
v -36.314075 56.577801 -152.803497
v -35.924809 59.132198 -152.626221
v -34.171703 60.216476 -150.149231
v -32.175503 58.289158 -146.920059
v -34.227604 55.319214 -150.609787
v -33.347286 54.764118 -149.179474
v -41.416679 56.274727 -157.682007
v -40.888615 58.070007 -155.404465
v -37.481430 58.684681 -155.034302
v -36.532246 61.767006 -153.399445
v -33.609520 61.755806 -150.564224
v -31.002985 59.842213 -146.965714
v -39.226227 54.144974 -159.812851
v -38.736118 52.224281 -160.594910
v -33.062580 50.817848 -161.290649
v -31.014273 52.534843 -162.308945
v -28.809929 55.597980 -162.200745
v -27.534662 59.878571 -162.844849
v -25.390421 63.235775 -161.108673
v -23.037683 63.720413 -155.825211
v -20.400972 62.362045 -152.056274
v -56.328674 42.540730 -132.975479
v -62.666874 37.823681 -131.592590
v -56.497482 38.366089 -125.399750
v -48.288502 42.964588 -128.220886
v -51.367390 34.013329 -124.104149
v -58.827408 30.906876 -126.160240
v -47.296917 36.873974 -124.604202
v -61.567074 37.235317 -135.116547
v -55.021408 41.415863 -136.584274
v -47.812168 37.837555 -138.212509
v -51.483139 30.969618 -137.305923
v -59.310326 31.206825 -132.762344
v -54.536655 27.745468 -133.878555
v -48.546471 41.439392 -135.434113
v -47.468845 30.890787 -135.844009
v -47.013489 28.660887 -131.813293
v -45.674469 36.396667 -137.477814
v -59.409000 30.728094 -129.764969
v -53.567837 26.877571 -127.800285
v -46.423130 29.703062 -126.688347
v -62.117180 37.509300 -133.567978
v -55.678669 42.140118 -135.128036
v -48.097980 39.753147 -137.410034
v -51.888577 43.762497 -130.022827
v -59.582001 38.520699 -127.508385
v -54.747826 32.560390 -124.517586
v -56.478561 27.653143 -128.252548
v -56.638248 29.059584 -133.481613
v -56.113625 33.317501 -137.297256
v -50.902081 39.457890 -137.846954
v -51.359188 41.242287 -136.781693
v -51.904190 42.800045 -134.624298
v -22.001728 106.464523 -125.017914
v -17.965874 103.318436 -124.155884
v -13.408727 105.620613 -130.133438
v -15.141685 108.868034 -131.192749
v -23.688805 108.375587 -128.976807
v -17.190449 108.533478 -132.229187
v -21.782690 104.551834 -136.532928
v -17.725346 106.472939 -135.096283
v -25.006269 103.771454 -136.951660
v -27.131641 106.186996 -130.777756
v -25.627214 103.367691 -125.259453
v -21.409405 100.005806 -122.885559
v -17.554090 96.892883 -125.001862
v -14.922230 100.008255 -127.051010
v -13.191362 103.438805 -130.661209
v -16.565750 94.880898 -127.135185
v -10.879064 97.690872 -127.519524
v -11.824705 100.325233 -127.827324
v -15.396795 104.643410 -126.356834
v -13.934360 101.622124 -128.557617
v -18.718828 108.327988 -127.327362
v -20.683722 108.605164 -130.511841
v -19.878569 105.432877 -135.850037
v -20.251451 103.165909 -137.981094
v -24.501051 101.239960 -140.185425
v -18.972851 104.572495 -136.851669
v -15.920926 105.951424 -135.346100
v -18.320700 99.019089 -137.931763
v -22.670677 96.090279 -140.975388
v -16.665583 100.707436 -136.796463
v -14.644073 101.376427 -135.351364
v -17.316916 95.870659 -137.429901
v -21.024452 92.324074 -139.708344
v -15.758506 98.450027 -136.240067
v -14.445383 99.731323 -134.955124
v -8.322786 102.508125 -128.927475
v -6.754104 99.304741 -127.964287
v -5.576930 103.841309 -131.356155
v -3.221779 101.934479 -130.085129
v -9.363282 95.249329 -129.900757
v -14.390618 97.692451 -136.579025
v -5.896699 97.151527 -130.317017
v -3.445237 100.802925 -131.759781
v -9.104432 93.976738 -133.717087
v -6.659581 97.299225 -133.986298
v -4.246785 100.687363 -133.312149
v -9.170507 99.151749 -136.144394
v -5.722157 102.060326 -134.147964
v -12.476497 99.496178 -136.023956
v -11.430584 95.723923 -136.720459
v -7.391124 102.479004 -133.609940
v -17.772366 102.750366 -137.002655
v -15.188914 103.822021 -135.585449
v -19.250856 101.201538 -138.106812
v -23.422966 98.913239 -141.039154
v -15.320050 107.709816 -133.616043
v -13.451262 104.980873 -133.356766
v -13.350204 102.430458 -133.377045
v -17.477716 107.600723 -133.831558
v -20.317072 107.239563 -133.470642
v -22.843914 106.906166 -133.161880
v -26.204777 105.442322 -134.204758
v -7.033428 100.955437 -134.955154
v -11.971768 101.711922 -130.514923
v -12.467486 101.147560 -133.457596
v -9.343532 101.352684 -134.564926
v -5.113648 99.376762 -133.619019
v -4.054637 99.255676 -131.182007
v -4.428165 100.960480 -129.133957
v -6.480095 103.551903 -130.311691
v -9.662764 103.045647 -131.034607
v -7.965876 103.339294 -131.738831
v -14.016655 92.221169 -130.129181
v -12.816699 91.826836 -133.967209
v -13.950202 93.917915 -136.540131
v -15.726670 95.682564 -136.267731
v -7.915705 61.689301 -95.373001
v -4.992692 60.343689 -84.973686
v -7.528565 61.972008 -85.569809
v -11.413363 64.116814 -92.643295
v -9.800175 61.387875 -84.527115
v -15.037068 62.844227 -91.293793
v -9.923283 58.438118 -83.524147
v -16.094627 59.142300 -91.073196
v -14.397755 57.149719 -93.860962
v -8.904557 55.786625 -84.948822
v -9.177000 56.383358 -94.972290
v -5.487242 56.895039 -85.464256
v -4.662671 32.572994 -88.132393
v -11.035330 34.493042 -81.031311
# 479 positions

vt 0.719545 0.099828
vt 0.708038 0.096142
vt 0.708996 0.055526
vt 0.720589 0.055032
vt 0.165115 0.622041
vt 0.172218 0.614736
vt 0.183543 0.611857
vt 0.182215 0.656049
vt 0.167189 0.600975
vt 0.179045 0.596738
vt 0.734865 0.100351
vt 0.737639 0.115867
vt 0.725430 0.116871
vt 0.700878 0.096312
vt 0.709698 0.116782
vt 0.702352 0.116088
vt 0.699885 0.065254
vt 0.687430 0.055349
vt 0.695598 0.046602
vt 0.736370 0.056319
vt 0.719531 0.117868
vt 0.710831 0.116523
vt 0.157210 0.606161
vt 0.679616 0.063420
vt 0.667917 0.080404
vt 0.656637 0.061831
vt 0.667020 0.048592
vt 0.690844 0.074088
vt 0.673708 0.090520
vt 0.676019 0.044174
vt 0.684707 0.039079
vt 0.693663 0.097093
vt 0.685483 0.102796
vt 0.674037 0.090320
vt 0.686592 0.112888
vt 0.682247 0.109557
vt 0.710619 0.033473
vt 0.717945 0.039705
vt 0.724466 0.041997
vt 0.729878 0.045263
vt 0.736791 0.048952
vt 0.694053 0.024721
vt 0.705889 0.029849
vt 0.169713 0.649657
vt 0.160311 0.636708
vt 0.180497 0.663213
vt 0.169769 0.660319
vt 0.677316 0.576230
vt 0.676121 0.564527
vt 0.682961 0.573519
vt 0.682961 0.581446
vt 0.679144 0.587206
vt 0.671151 0.580093
vt 0.669947 0.590429
vt 0.657025 0.588484
vt 0.667146 0.573259
vt 0.657286 0.581130
vt 0.157210 0.653588
vt 0.661571 0.562116
vt 0.668947 0.552166
vt 0.654439 0.565505
vt 0.639653 0.583551
vt 0.648034 0.575875
vt 0.655176 0.576721
vt 0.643355 0.588979
vt 0.650960 0.584196
vt 0.652757 0.579424
vt 0.650059 0.566842
vt 0.697779 0.115867
vt 0.692915 0.114371
vt 0.633268 0.589428
vt 0.633596 0.584014
vt 0.622914 0.589875
vt 0.627224 0.584288
vt 0.320408 0.271671
vt 0.329193 0.271261
vt 0.327936 0.279684
vt 0.322183 0.277034
vt 0.637244 0.579178
vt 0.641662 0.564761
vt 0.641333 0.550006
vt 0.649486 0.549391
vt 0.654921 0.548163
vt 0.315527 0.271898
vt 0.312716 0.278306
vt 0.295792 0.282020
vt 0.299355 0.271596
vt 0.353363 0.272847
vt 0.353477 0.279900
vt 0.338716 0.276956
vt 0.337417 0.271283
vt 0.333008 0.279058
vt 0.367359 0.274494
vt 0.368051 0.282020
vt 0.321100 0.263699
vt 0.328819 0.262308
vt 0.338128 0.264042
vt 0.354213 0.267885
vt 0.366027 0.267198
vt 0.302309 0.263726
vt 0.316682 0.265851
vt 0.347510 0.253427
vt 0.330734 0.258174
vt 0.334832 0.251538
vt 0.352799 0.247639
vt 0.363717 0.249246
vt 0.365398 0.256310
vt 0.338082 0.247993
vt 0.369614 0.263090
vt 0.315363 0.278918
vt 0.517266 0.262954
vt 0.530143 0.259382
vt 0.539758 0.278230
vt 0.532451 0.278422
vt 0.523869 0.288325
vt 0.507649 0.301018
vt 0.483254 0.284040
vt 0.505329 0.269855
vt 0.493135 0.245037
vt 0.509458 0.250035
vt 0.500907 0.267135
vt 0.477453 0.262197
vt 0.149978 0.951124
vt 0.157228 0.942790
vt 0.172472 0.953855
vt 0.163901 0.962929
vt 0.609347 0.636604
vt 0.607358 0.621651
vt 0.627941 0.617896
vt 0.630013 0.630195
vt 0.629269 0.637120
vt 0.628161 0.643004
vt 0.608743 0.642591
vt 0.609063 0.640263
vt 0.165166 0.938034
vt 0.170493 0.934334
vt 0.178836 0.942581
vt 0.176177 0.947951
vt 0.484610 0.755372
vt 0.477583 0.756985
vt 0.471451 0.746587
vt 0.477778 0.745183
vt 0.158042 0.969968
vt 0.153292 0.975797
vt 0.142334 0.965324
vt 0.145904 0.959046
vt 0.623401 0.609946
vt 0.607920 0.617896
vt 0.604375 0.607942
vt 0.613380 0.600987
vt 0.619353 0.603591
vt 0.607707 0.615517
vt 0.595227 0.597908
vt 0.607941 0.593405
vt 0.148487 0.979502
vt 0.157017 0.981182
vt 0.151466 0.988743
vt 0.135780 0.969876
vt 0.474837 0.764412
vt 0.460577 0.762100
vt 0.449575 0.761383
vt 0.439243 0.760879
vt 0.434807 0.744632
vt 0.444036 0.743267
vt 0.162807 0.917124
vt 0.178553 0.907951
vt 0.185197 0.926862
vt 0.176394 0.927099
vt 0.515449 0.238889
vt 0.525576 0.252987
vt 0.495641 0.237124
vt 0.137374 0.980434
vt 0.144520 0.990000
vt 0.127398 0.975302
vt 0.473300 0.774060
vt 0.454480 0.770900
vt 0.439590 0.774647
vt 0.151346 0.909467
vt 0.171191 0.901681
vt 0.532436 0.288255
vt 0.539957 0.287977
vt 0.122758 0.985412
vt 0.455331 0.779917
vt 0.473972 0.785003
vt 0.442225 0.783267
vt 0.143127 0.913181
vt 0.137053 0.897411
vt 0.144608 0.894692
vt 0.155320 0.884870
vt 0.521602 0.311167
vt 0.512650 0.306697
vt 0.531648 0.289388
vt 0.537282 0.294152
vt 0.477321 0.269357
vt 0.489602 0.311167
vt 0.476544 0.293547
vt 0.470122 0.792350
vt 0.458258 0.794421
vt 0.121459 0.908382
vt 0.129165 0.926862
vt 0.630412 0.559937
vt 0.626286 0.571252
vt 0.613127 0.557416
vt 0.625973 0.540429
vt 0.594635 0.577129
vt 0.611256 0.587208
vt 0.486824 0.743267
vt 0.493003 0.752413
vt 0.942975 0.535546
vt 0.934680 0.541984
vt 0.930711 0.518819
vt 0.941976 0.510080
vt 0.918993 0.524932
vt 0.933671 0.548155
vt 0.909608 0.542344
vt 0.922972 0.572081
vt 0.910809 0.557447
vt 0.940031 0.552994
vt 0.975292 0.560840
vt 0.972042 0.576113
vt 0.948062 0.556183
vt 0.955471 0.549292
vt 0.944773 0.542452
vt 0.950051 0.545950
vt 0.958761 0.539853
vt 0.954946 0.537334
vt 0.969627 0.527381
vt 0.974928 0.532567
vt 0.949461 0.533482
vt 0.963144 0.510348
vt 0.962139 0.542991
vt 0.978977 0.547116
vt 0.954774 0.508033
vt 0.955668 0.585791
vt 0.935493 0.578329
vt 0.976370 0.539120
vt 0.986906 0.563201
vt 0.988338 0.550915
vt 0.990000 0.577270
vt 0.987507 0.537570
vt 0.980410 0.518819
vt 0.982786 0.524291
vt 0.960883 0.602977
vt 0.939440 0.603729
vt 0.905166 0.590602
vt 0.900818 0.569527
vt 0.910337 0.519716
vt 0.894478 0.538227
vt 0.929140 0.508765
vt 0.940513 0.501811
vt 0.953853 0.494858
vt 0.972740 0.501233
vt 0.887334 0.522113
vt 0.898151 0.508427
vt 0.891643 0.596651
vt 0.886347 0.579591
vt 0.946462 0.616775
vt 0.966238 0.611268
vt 0.416938 0.092974
vt 0.416938 0.110062
vt 0.396749 0.103392
vt 0.395799 0.089807
vt 0.405628 0.125830
vt 0.382284 0.113253
vt 0.378478 0.104306
vt 0.377949 0.086543
vt 0.393563 0.074865
vt 0.403256 0.066995
vt 0.379000 0.073391
vt 0.359099 0.071245
vt 0.363731 0.089401
vt 0.367098 0.107223
vt 0.365893 0.094615
vt 0.389841 0.134018
vt 0.375246 0.122696
vt 0.423460 0.128733
vt 0.439049 0.123560
vt 0.446512 0.140961
vt 0.429223 0.145439
vt 0.428245 0.112110
vt 0.431286 0.093816
vt 0.436170 0.070841
vt 0.445382 0.078438
vt 0.443531 0.095445
vt 0.443095 0.113375
vt 0.455770 0.088815
vt 0.449663 0.120026
vt 0.462027 0.133782
vt 0.451367 0.137923
vt 0.456224 0.091701
vt 0.452201 0.115947
vt 0.471711 0.094174
vt 0.470531 0.113098
vt 0.457734 0.068885
vt 0.468421 0.079315
vt 0.446899 0.059466
vt 0.379772 0.070261
vt 0.393515 0.055213
vt 0.381635 0.047854
vt 0.366197 0.055566
vt 0.455531 0.048533
vt 0.463343 0.059764
vt 0.475965 0.070631
vt 0.464869 0.060880
vt 0.482752 0.097204
vt 0.479760 0.113840
vt 0.042756 0.316946
vt 0.054753 0.295254
vt 0.075999 0.318077
vt 0.066834 0.329364
vt 0.013031 0.279675
vt 0.017310 0.255260
vt 0.028543 0.250260
vt 0.033400 0.274395
vt 0.055179 0.251778
vt 0.039760 0.272174
vt 0.034541 0.232918
vt 0.066834 0.267400
vt 0.053983 0.278859
vt 0.024882 0.287602
vt 0.010000 0.292729
vt 0.066369 0.288572
vt 0.090826 0.309153
vt 0.080297 0.278262
vt 0.104058 0.299612
vt 0.017029 0.234365
vt 0.067450 0.340690
vt 0.042848 0.337842
vt 0.045766 0.356995
vt 0.031635 0.351371
vt 0.017877 0.375708
vt 0.044698 0.375264
vt 0.037878 0.395902
vt 0.010521 0.393757
vt 0.014366 0.410622
vt 0.044480 0.421282
vt 0.185131 0.505978
vt 0.190489 0.523406
vt 0.167591 0.520367
vt 0.160463 0.502290
vt 0.162875 0.536094
vt 0.184222 0.541426
vt 0.178563 0.553822
vt 0.195348 0.562760
vt 0.183458 0.581572
vt 0.169405 0.575035
vt 0.211853 0.535610
vt 0.205538 0.548884
vt 0.155283 0.568886
vt 0.160334 0.547433
vt 0.177080 0.487843
vt 0.198832 0.490283
vt 0.207055 0.500258
vt 0.239115 0.752021
vt 0.246353 0.766963
vt 0.225658 0.776150
vt 0.223411 0.769705
vt 0.250858 0.740639
vt 0.270801 0.731905
vt 0.269915 0.751346
vt 0.256132 0.760343
vt 0.155283 0.485337
vt 0.207815 0.505631
vt 0.214557 0.518316
vt 0.250407 0.722597
vt 0.271062 0.714118
vt 0.217837 0.757722
vt 0.230683 0.739986
vt 0.187881 0.592497
vt 0.201552 0.571710
vt 0.220275 0.541398
vt 0.215718 0.553982
vt 0.223420 0.513231
vt 0.217523 0.500616
vt 0.210155 0.489787
vt 0.199038 0.483974
vt 0.197846 0.638146
vt 0.191218 0.625397
vt 0.206324 0.621974
vt 0.214841 0.630108
vt 0.222723 0.639323
vt 0.204674 0.650249
vt 0.207534 0.580641
vt 0.194035 0.602956
vt 0.228250 0.547788
vt 0.225090 0.558617
vt 0.226972 0.496168
vt 0.231731 0.507282
vt 0.202815 0.477354
vt 0.213104 0.479770
vt 0.224500 0.791326
vt 0.210114 0.788889
vt 0.197364 0.781704
vt 0.238646 0.726412
vt 0.203769 0.552737
vt 0.196398 0.560418
vt 0.210589 0.561854
vt 0.203883 0.568329
vt 0.216922 0.570172
vt 0.211496 0.575919
vt 0.215500 0.731764
vt 0.223041 0.719182
vt 0.202459 0.750608
vt 0.190858 0.770883
vt 0.226241 0.649803
vt 0.213861 0.658210
vt 0.218200 0.592726
vt 0.197175 0.613562
vt 0.224288 0.585725
vt 0.226136 0.578183
vt 0.238283 0.553227
vt 0.236956 0.561496
vt 0.231679 0.489076
vt 0.239227 0.498677
vt 0.200918 0.466252
vt 0.210091 0.471809
vt 0.226744 0.677060
vt 0.236600 0.664426
vt 0.255693 0.647066
vt 0.255483 0.660930
vt 0.247390 0.686212
vt 0.238772 0.695993
vt 0.255734 0.662793
vt 0.258568 0.681068
vt 0.262860 0.644091
vt 0.271062 0.645746
vt 0.278412 0.655491
vt 0.278653 0.666206
vt 0.277456 0.672427
vt 0.276196 0.684982
vt 0.190359 0.468405
vt 0.198256 0.476433
vt 0.198099 0.484049
vt 0.178036 0.471135
vt 0.258471 0.680864
vt 0.248977 0.705966
vt 0.275246 0.687545
vt 0.701225 0.925001
vt 0.694441 0.925241
vt 0.693508 0.905245
vt 0.701055 0.905705
vt 0.708159 0.937693
vt 0.706428 0.935585
vt 0.711826 0.926156
vt 0.714775 0.928759
vt 0.706428 0.946912
vt 0.711608 0.944154
vt 0.722049 0.944563
vt 0.716156 0.952040
vt 0.695901 0.940530
vt 0.701485 0.947980
vt 0.695800 0.957503
vt 0.685334 0.946616
vt 0.702118 0.939115
vt 0.665935 0.962330
vt 0.669414 0.957875
vt 0.681182 0.971571
vt 0.677420 0.976121
vt 0.737145 0.956996
vt 0.732477 0.956595
vt 0.739377 0.945396
vt 0.742781 0.946959
vt 0.606632 0.486021
vt 0.595150 0.480785
vt 0.595777 0.455986
vt 0.616348 0.460192
vt 0.211739 0.867815
vt 0.212937 0.871378
vt 0.201667 0.879015
vt 0.200150 0.875139
vt 0.479267 0.690100
vt 0.480568 0.697038
vt 0.467288 0.693303
vt 0.468137 0.688257
vt 0.476464 0.710114
vt 0.464187 0.705121
vt 0.610128 0.526398
vt 0.607087 0.527506
vt 0.601219 0.516385
vt 0.605810 0.515897
vt 0.595525 0.521346
vt 0.602345 0.532292
vt 0.613538 0.522956
vt 0.612302 0.515262
vt 0.635271 0.509239
vt 0.624417 0.520890
vt 0.613323 0.508907
vt 0.616170 0.491870
vt 0.634091 0.490963
vt 0.634429 0.503835
vt 0.631135 0.466504
vt 0.640901 0.475765
vt 0.188880 0.882747
vt 0.187553 0.878998
vt 0.454102 0.691436
vt 0.454096 0.686350
vt 0.452729 0.702464
vt 0.170749 0.880180
vt 0.170085 0.876550
vt 0.439357 0.690437
vt 0.437022 0.685965
vt 0.437763 0.698985
vt 0.421621 0.693484
vt 0.417640 0.702741
vt 0.157862 0.874132
vt 0.157538 0.869066
vt 0.419751 0.689657
vt 0.708854 0.924889
vt 0.700645 0.936619
vt 0.722804 0.909308
vt 0.722666 0.916337
vt 0.710817 0.904898
vt 0.695843 0.937189
vt 0.712566 0.956032
vt 0.705207 0.958386
vt 0.721040 0.970693
vt 0.714596 0.976341
vt 0.718455 0.980809
vt 0.724146 0.974201
vt 0.596840 0.537854
vt 0.587907 0.527495
vt 0.717192 0.931765
vt 0.721930 0.942158
vt 0.685640 0.933197
vt 0.687695 0.928576
vt 0.670970 0.920314
vt 0.673812 0.914137
vt 0.669917 0.911657
vt 0.666332 0.917076
vt 0.730174 0.924904
vt 0.738888 0.938465
vt 0.468007 0.685536
vt 0.466383 0.672196
vt 0.479382 0.668240
vt 0.479293 0.684388
vt 0.453064 0.672782
vt 0.434817 0.672693
vt 0.420536 0.679467
vt 0.421271 0.668240
vt 0.417463 0.712688
vt 0.433502 0.711842
vt 0.448890 0.714365
vt 0.434477 0.712167
vt 0.468429 0.717821
vt 0.454926 0.714678
vt 0.477840 0.726389
vt 0.475812 0.718727
vt 0.482615 0.718406
vt 0.484874 0.720747
vt 0.471551 0.736702
vt 0.463068 0.733824
vt 0.467100 0.724419
vt 0.458757 0.727827
vt 0.456617 0.720047
vt 0.445694 0.719103
vt 0.440938 0.726251
vt 0.432675 0.720912
vt 0.433699 0.715854
vt 0.432574 0.715490
vt 0.431194 0.720462
vt 0.418426 0.722900
vt 0.417880 0.716981
vt 0.640901 0.515110
vt 0.633874 0.522217
vt 0.440340 0.734137
vt 0.430462 0.735768
vt 0.428286 0.735196
vt 0.422888 0.735403
vt 0.485279 0.731577
vt 0.482437 0.735501
vt 0.659430 0.912300
vt 0.664388 0.908193
vt 0.672816 0.982886
vt 0.661759 0.969611
vt 0.728412 0.978366
vt 0.722544 0.987897
vt 0.748155 0.947984
vt 0.742630 0.959334
vt 0.197954 0.869612
vt 0.209899 0.862662
vt 0.185594 0.873534
vt 0.169155 0.871378
vt 0.157210 0.861703
vt 0.947475 0.787297
vt 0.955068 0.778894
vt 0.984457 0.784533
vt 0.976082 0.793892
vt 0.944969 0.784194
vt 0.930104 0.789409
vt 0.938550 0.761387
vt 0.952841 0.760341
vt 0.964128 0.760069
vt 0.979005 0.763399
vt 0.939707 0.806296
vt 0.938712 0.800039
vt 0.962987 0.804358
vt 0.963685 0.811368
vt 0.943920 0.832287
vt 0.940183 0.811408
vt 0.963666 0.816764
vt 0.968456 0.830483
vt 0.914893 0.804231
vt 0.909148 0.794498
vt 0.911431 0.818986
vt 0.919534 0.812141
vt 0.925493 0.829073
vt 0.975303 0.819791
vt 0.975463 0.811511
vt 0.976882 0.808217
vt 0.890006 0.841650
vt 0.905324 0.823553
vt 0.912635 0.838945
vt 0.902828 0.847582
vt 0.956775 0.857511
vt 0.948646 0.847339
vt 0.971619 0.840723
vt 0.972922 0.848795
vt 0.895657 0.787888
vt 0.901711 0.805963
vt 0.893139 0.808415
vt 0.881645 0.829400
vt 0.871252 0.817096
vt 0.870865 0.800964
vt 0.870865 0.778059
vt 0.884723 0.784475
vt 0.972663 0.828037
vt 0.973742 0.821638
vt 0.981164 0.829893
vt 0.979681 0.836112
vt 0.984678 0.818092
vt 0.984416 0.826127
vt 0.987298 0.788340
vt 0.987897 0.810827
vt 0.283684 0.366744
vt 0.287877 0.378954
vt 0.278186 0.385541
vt 0.269106 0.372159
vt 0.271423 0.387707
vt 0.261659 0.380881
vt 0.142776 0.297865
vt 0.142711 0.292663
vt 0.148643 0.287856
vt 0.151459 0.296637
vt 0.159184 0.295476
vt 0.153892 0.283652
vt 0.163250 0.279613
vt 0.168562 0.288629
vt 0.239718 0.374013
vt 0.246880 0.355895
vt 0.260088 0.362085
vt 0.253320 0.374780
vt 0.278731 0.356680
vt 0.263220 0.360072
vt 0.256707 0.347031
vt 0.274076 0.342275
vt 0.279054 0.342428
vt 0.295226 0.345883
vt 0.296600 0.360238
vt 0.279901 0.357350
vt 0.295908 0.367887
vt 0.293930 0.376602
vt 0.304140 0.345089
vt 0.310829 0.362085
vt 0.303943 0.367177
vt 0.148359 0.278309
vt 0.159777 0.267484
vt 0.145282 0.284309
vt 0.136990 0.291901
vt 0.129443 0.273035
vt 0.122339 0.271506
vt 0.123997 0.253078
vt 0.132294 0.256237
vt 0.130231 0.280308
vt 0.123127 0.279471
vt 0.127772 0.289456
vt 0.120550 0.287029
vt 0.112474 0.268906
vt 0.110950 0.251845
vt 0.115623 0.278270
vt 0.115729 0.285119
vt 0.319772 0.371650
vt 0.311189 0.378312
vt 0.323794 0.380303
vt 0.325451 0.385614
vt 0.316092 0.389309
vt 0.314290 0.385393
vt 0.230603 0.085767
vt 0.239660 0.090174
vt 0.234695 0.102813
vt 0.225166 0.096591
vt 0.235232 0.078162
vt 0.238588 0.074080
vt 0.244487 0.075889
vt 0.242936 0.081320
vt 0.217625 0.089448
vt 0.211046 0.079062
vt 0.222605 0.074040
vt 0.228413 0.083898
vt 0.230203 0.071640
vt 0.234978 0.070294
vt 0.228091 0.062975
vt 0.233595 0.063989
vt 0.207504 0.043533
vt 0.214259 0.044551
vt 0.214943 0.051388
vt 0.207306 0.048408
vt 0.222260 0.072978
vt 0.210269 0.076969
vt 0.206661 0.064740
vt 0.218962 0.061872
vt 0.219147 0.060652
vt 0.206514 0.060160
vt 0.207005 0.049321
vt 0.225994 0.055978
vt 0.232928 0.058696
vt 0.136434 0.299666
vt 0.136855 0.281187
vt 0.134255 0.292025
vt 0.136029 0.274515
vt 0.139906 0.259326
vt 0.126573 0.298358
vt 0.125417 0.308111
vt 0.119485 0.304181
vt 0.119562 0.295043
vt 0.137208 0.307841
vt 0.142891 0.303567
vt 0.154506 0.306151
vt 0.164642 0.308111
vt 0.174034 0.298258
vt 0.246300 0.065873
vt 0.242797 0.060564
vt 0.299684 0.375354
vt 0.113292 0.302853
vt 0.114954 0.293809
vt 0.222779 0.046364
vt 0.304505 0.382199
vt 0.235307 0.048418
vt 0.230690 0.041545
vt 0.308019 0.386748
vt 0.243400 0.054626
vt 0.242680 0.058867
vt 0.237143 0.053758
vt 0.202060 0.096152
vt 0.198997 0.084216
vt 0.215302 0.110370
vt 0.225994 0.120131
vt 0.197167 0.076548
vt 0.197259 0.065863
vt 0.197795 0.041696
vt 0.199964 0.047327
vt 0.197824 0.056396
vt 0.199595 0.048920
vt 0.489970 0.438317
vt 0.498485 0.434419
vt 0.496400 0.467536
vt 0.481850 0.462440
vt 0.469892 0.459131
vt 0.482532 0.435889
vt 0.459798 0.453104
vt 0.476581 0.428479
vt 0.468147 0.423714
vt 0.448750 0.449392
vt 0.529442 0.467536
vt 0.513037 0.466507
vt 0.509140 0.435625
vt 0.520149 0.436726
vt 0.511117 0.417983
vt 0.518934 0.418319
vt 0.522174 0.427254
vt 0.505556 0.425517
vt 0.929970 0.492145
vt 0.937888 0.491588
# 772 texture coordinates

vn -0.778778 0.607301 0.157131
vn -0.674863 0.056233 0.735797
vn -0.109653 0.096686 0.989256
vn -0.303260 0.920456 0.246566
vn -0.840899 -0.024388 0.540643
vn -0.537463 0.842911 -0.025169
vn -0.738563 0.546915 -0.394219
vn -0.904558 0.414996 -0.097742
vn -0.805572 -0.321141 0.497919
vn -0.471827 -0.539096 0.697678
vn 0.045723 -0.667730 0.742998
vn 0.384199 -0.294578 0.874994
vn 0.257028 -0.831099 0.493165
vn -0.350224 0.611784 0.709270
vn -0.781026 0.399166 0.480276
vn -0.925747 0.267633 0.267140
vn 0.078824 0.975796 -0.203985
vn -0.790059 0.606743 -0.087578
vn -0.824058 0.475375 -0.308134
vn -0.011787 -0.953962 0.299696
vn 0.644896 -0.457017 0.612572
vn -0.003734 -0.557045 0.830474
vn 0.287317 -0.693777 0.660396
vn -0.053338 -0.676542 0.734470
vn -0.515856 -0.408216 0.753162
vn -0.810469 -0.279476 0.514814
vn 0.552931 0.283307 0.783584
vn 0.385846 0.631057 0.672971
vn 0.200278 0.864142 0.461680
vn 0.108947 0.983466 0.144653
vn 0.900539 0.328264 0.285082
vn 0.086542 0.983164 -0.160932
vn 0.392532 0.899290 -0.192864
vn 0.480204 0.876469 0.034739
vn 0.549701 0.832639 0.067385
vn 0.777906 0.561491 -0.282118
vn 0.578933 0.778340 -0.242949
vn 0.498161 0.788226 -0.361298
vn 0.590733 0.716638 -0.370763
vn 0.700058 0.567489 -0.433446
vn 0.985324 -0.146946 -0.086849
vn 0.953705 -0.258808 0.153182
vn 0.921788 0.123926 -0.367354
vn 0.885942 0.160254 -0.435230
vn 0.250060 -0.023799 0.967938
vn 0.306752 -0.529626 0.790822
vn 0.315037 -0.501035 0.806049
vn -0.102093 -0.308817 0.945626
vn -0.590256 -0.161680 0.790859
vn -0.808841 -0.184380 0.558373
vn 0.173178 0.310129 0.934788
vn -0.142784 -0.847151 0.511808
vn 0.753566 0.569437 0.328451
vn 0.754374 0.604374 -0.256226
vn 0.729759 0.522606 -0.440835
vn 0.841860 0.220341 -0.492668
vn 0.707939 0.565027 -0.423754
vn -0.172252 -0.956356 0.236035
vn 0.434462 0.890876 -0.132597
vn 0.387589 0.857166 0.339177
vn 0.421387 0.864278 -0.274694
vn 0.827617 0.028913 0.560548
vn 0.270350 -0.934813 0.230293
vn 0.900910 0.421180 -0.104729
vn 0.789940 0.518228 -0.327771
vn 0.775586 0.520663 -0.356899
vn 0.681670 -0.627007 -0.377078
vn 0.462902 -0.877470 -0.125572
vn 0.586854 -0.723201 0.364121
vn 0.829592 -0.450930 -0.329302
vn 0.892989 -0.171491 -0.416128
vn 0.934254 0.076462 -0.348313
vn -0.047348 -0.435382 0.899000
vn -0.301326 -0.186950 0.935015
vn 0.253210 0.313756 0.915118
vn 0.753741 0.096442 0.650057
vn 0.722993 0.677042 0.137459
vn 0.136500 0.795189 0.590798
vn 0.590058 0.737414 -0.328712
vn 0.067267 0.997517 -0.020851
vn 0.202481 0.946274 -0.252124
vn 0.566425 0.717986 -0.404548
vn -0.411045 0.893143 0.182588
vn -0.534062 0.581969 0.613262
vn -0.357208 0.648527 0.672172
vn -0.374147 0.883231 0.282696
vn -0.453207 -0.040463 0.890487
vn -0.231584 0.853753 0.466342
vn 0.609397 0.677974 0.411080
vn 0.469124 -0.270004 0.840845
vn -0.522174 0.760688 0.385601
vn -0.671258 0.073728 0.737548
vn -0.343543 0.826144 0.446615
vn -0.005908 0.774822 0.632152
vn 0.718414 0.430920 0.546068
vn 0.641242 -0.450809 0.620951
vn 0.234823 -0.576877 0.782350
vn -0.095264 -0.188167 0.977506
vn 0.105721 -0.329576 0.938191
vn 0.377538 -0.469647 0.798058
vn 0.104945 -0.524972 0.844625
vn -0.035298 -0.622168 0.782087
vn 0.144175 -0.298380 0.943495
vn 0.240126 0.035647 0.970087
vn 0.617850 0.446162 0.647457
vn 0.776326 0.214781 0.592610
vn 0.468146 0.200556 0.860591
vn -0.102107 -0.358648 0.927872
vn -0.123081 -0.120617 0.985039
vn 0.215728 -0.105498 0.970738
vn 0.802254 0.320131 0.503890
vn 0.964008 0.255592 -0.073229
vn 0.994873 -0.081273 -0.060184
vn 0.893116 0.309440 -0.326482
vn 0.441452 0.859251 -0.258471
vn 0.446870 -0.573400 0.686673
vn 0.899218 -0.209111 0.384290
vn 0.992221 -0.008922 -0.124172
vn 0.899135 0.159284 -0.407657
vn 0.938972 0.089442 -0.332163
vn 0.897988 -0.100381 -0.428417
vn 0.851324 0.151844 -0.502186
vn 0.441452 0.859251 -0.258471
vn 0.834361 -0.532252 0.143351
vn 0.843603 -0.534448 0.051957
vn 0.374590 -0.676350 0.634218
vn -0.059223 -0.437611 0.897212
vn 0.721477 -0.646299 0.248534
vn -0.160185 -0.705468 0.690402
vn -0.412946 -0.464417 0.783449
vn 0.867613 0.483980 -0.114067
vn 0.125828 0.992019 -0.008064
vn -0.154257 0.987032 0.044414
vn 0.807956 0.451516 -0.378603
vn 0.690533 0.709837 0.138911
vn 0.212329 0.952837 0.216836
vn 0.015011 0.980323 -0.196828
vn 0.727790 0.426324 0.537187
vn 0.973783 -0.227477 -0.000334
vn -0.076446 -0.073013 0.994397
vn -0.243966 -0.593462 0.766997
vn -0.416308 0.405813 0.813636
vn -0.655151 0.259327 0.709596
vn -0.007612 0.875731 0.482739
vn -0.423372 0.893316 0.150808
vn -0.274991 0.250893 0.928134
vn -0.559278 -0.192371 0.806351
vn 0.239769 0.743593 0.624163
vn 0.411303 0.876074 0.251643
vn 0.501479 0.785574 -0.362479
vn 0.404602 0.086182 0.910423
vn 0.437258 -0.714716 0.545882
vn 0.086550 0.642634 0.761269
vn -0.231093 0.703602 0.671967
vn -0.605557 0.670753 0.428242
vn -0.746131 0.190760 0.637886
vn -0.405592 -0.831372 0.379890
vn -0.640763 -0.325447 0.695347
vn -0.725607 0.621581 0.295181
vn 0.174458 -0.984027 0.035424
vn 0.772934 -0.395240 -0.496346
vn 0.727751 0.196244 -0.657165
vn 0.562108 0.520327 -0.642880
vn -0.161156 0.902675 -0.399007
vn 0.685448 0.096609 -0.721684
vn 0.612271 -0.381137 -0.692718
vn -0.022849 -0.950879 -0.308717
vn -0.459412 -0.887676 0.031183
vn 0.636586 0.024099 0.770829
vn 0.908377 0.388842 -0.153797
vn 0.443574 0.893657 0.067965
vn 0.239633 0.668369 0.704172
vn 0.489182 0.447875 -0.748404
vn 0.219741 0.947050 -0.234114
vn -0.195756 0.896360 0.397766
vn -0.029679 0.230493 0.972621
vn 0.039468 -0.186391 0.981683
vn -0.426196 0.417672 0.802438
vn -0.379047 0.905064 0.192828
vn -0.662699 0.494159 0.562705
vn 0.120055 0.925494 -0.359233
vn 0.290533 0.399487 -0.869483
vn 0.519656 -0.101720 -0.848299
vn 0.217274 -0.107188 -0.970208
vn 0.922653 -0.309894 -0.229514
vn 0.675107 -0.499174 0.543191
vn 0.109172 -0.588682 0.800959
vn 0.637865 -0.702755 0.315063
vn 0.779167 -0.610842 -0.140609
vn 0.278806 -0.918993 0.278783
vn 0.483647 -0.690949 -0.537284
vn 0.077272 -0.763379 -0.641312
vn -0.182093 -0.980712 0.071038
vn -0.332128 -0.680337 0.653324
vn -0.408340 -0.237567 0.881374
vn -0.615327 -0.214920 0.758407
vn -0.466309 -0.690014 0.553567
vn -0.351989 -0.935638 -0.026178
vn -0.145675 -0.847327 -0.510702
vn -0.173437 0.970040 -0.170124
vn 0.075659 0.996417 0.037812
vn 0.272779 0.710258 -0.648942
vn -0.036081 0.625549 -0.779351
vn 0.527779 0.714458 0.459346
vn 0.932761 0.360453 0.005451
vn 0.171887 0.237316 0.956105
vn 0.692276 -0.384407 0.610725
vn 0.740730 -0.659976 -0.125505
vn 0.872798 -0.065360 -0.483685
vn 0.308586 0.077793 -0.948010
vn -0.115793 0.053778 -0.991817
vn 0.313192 -0.511690 -0.800053
vn 0.041487 -0.622580 -0.781456
vn -0.312878 0.775048 0.549007
vn -0.565053 0.669331 0.482401
vn -0.243546 -0.101517 0.964562
vn 0.421024 -0.571890 0.704046
vn 0.434791 -0.897617 0.072393
vn -0.461488 0.167873 0.871118
vn 0.174869 -0.349111 0.920621
vn 0.941285 -0.282658 0.184629
vn 0.381320 0.835456 0.395738
vn 0.288511 0.899475 -0.328185
vn 0.883481 -0.128331 -0.450546
vn 0.210201 0.814365 -0.540948
vn 0.776930 -0.118894 -0.618259
vn 0.773436 0.496589 0.393949
vn 0.736843 0.547142 -0.397111
vn 0.562523 0.427842 -0.707474
vn 0.016315 -0.121189 0.992495
vn -0.640522 0.558357 -0.527228
vn -0.699757 0.643875 -0.309460
vn 0.093052 0.681588 0.725795
vn 0.381793 0.216839 0.898451
vn 0.584672 -0.371296 0.721317
vn -0.225556 0.919300 -0.322508
vn -0.210930 0.768426 -0.604178
vn 0.494466 -0.868818 0.025680
vn 0.465007 -0.803916 -0.370792
vn 0.310520 -0.699599 -0.643536
vn 0.241241 -0.896920 0.370590
vn -0.031059 -0.829407 0.557781
vn -0.266824 0.032452 -0.963199
vn 0.591397 -0.450653 -0.668702
vn 0.184242 0.216423 -0.958758
vn 0.685161 -0.606872 -0.402815
vn 0.677129 -0.735728 0.014146
vn 0.476114 -0.769191 0.426216
vn 0.078275 -0.657818 0.749099
vn -0.136139 0.983836 0.116330
vn -0.663143 0.726892 0.178520
vn 0.362685 0.930899 -0.043447
vn 0.806161 0.566445 -0.171010
vn 0.944231 -0.154819 -0.290617
vn 0.715490 -0.623669 -0.314820
vn 0.544530 -0.784028 -0.297972
vn -0.978970 0.041640 -0.199709
vn -0.973019 0.035784 0.227934
vn -0.937909 0.048175 -0.343520
vn -0.714977 -0.197865 -0.670565
vn -0.337141 -0.837359 -0.430308
vn -0.087537 -0.992295 -0.087683
vn 0.220019 -0.963502 -0.152499
vn 0.162199 -0.981441 0.102302
vn -0.121434 -0.953160 0.277021
vn -0.304374 -0.856009 0.417858
vn -0.812403 -0.577405 -0.081274
vn -0.528785 -0.837750 0.136240
vn -0.888109 -0.458557 -0.031449
vn -0.769085 -0.600288 0.219461
vn -0.391669 -0.554707 0.734095
vn -0.109189 0.935522 -0.335970
vn -0.817373 0.394822 -0.419544
vn -0.975613 0.109096 -0.190467
vn -0.624179 0.670638 -0.400807
vn 0.721317 0.411684 -0.556972
vn 0.528456 0.094362 -0.843700
vn 0.086228 -0.491269 -0.866729
vn 0.128127 -0.970492 -0.204275
vn -0.330154 -0.888677 -0.318200
vn -0.729712 -0.664842 0.159708
vn 0.035202 -0.243599 -0.969237
vn -0.035754 -0.204290 -0.978257
vn -0.489716 -0.735915 -0.467555
vn 0.139482 0.113801 -0.983664
vn -0.007879 0.177845 -0.984027
vn -0.561744 0.409759 -0.718708
vn -0.801963 0.430628 -0.414022
vn -0.824167 0.544643 -0.155283
vn -0.834635 0.339831 -0.433474
vn -0.789411 -0.573093 0.219989
vn -0.670636 -0.181614 0.719210
vn -0.653591 -0.507113 0.561832
vn -0.575072 -0.809704 -0.116928
vn -0.560391 -0.787662 -0.256029
vn 0.315658 0.634207 -0.705791
vn 0.532259 0.529281 -0.660729
vn -0.207904 0.876335 -0.434526
vn -0.553073 0.830425 0.067110
vn -0.071118 0.974523 0.212713
vn 0.683479 0.670139 -0.289431
vn 0.554943 0.801758 -0.221860
vn -0.276820 0.836090 0.473629
vn 0.719294 0.657160 -0.225291
vn -0.065861 0.875293 0.479088
vn -0.259785 0.769828 0.582989
vn 0.592797 0.803124 -0.059861
vn -0.303820 0.950355 -0.067216
vn -0.952026 0.295199 -0.080651
vn 0.081568 -0.896419 -0.435636
vn 0.873048 0.354366 -0.334981
vn -0.599181 0.749246 -0.282158
vn -0.659558 0.751653 -0.001280
vn -0.433577 0.792986 -0.428000
vn 0.574365 0.024317 -0.818238
vn 0.791467 -0.430058 -0.434315
vn 0.737793 -0.535207 -0.411357
vn 0.047095 -0.568016 -0.821669
vn -0.227035 -0.449643 -0.863873
vn -0.534673 0.788007 -0.305237
vn 0.320371 0.930040 -0.179968
vn 0.339178 0.788496 -0.513062
vn 0.059981 0.532250 -0.844460
vn -0.569400 -0.073093 -0.818804
vn -0.795554 -0.545346 -0.263990
vn -0.759025 -0.648815 -0.054048
vn -0.613810 -0.781344 0.112862
vn -0.634444 -0.745694 0.203524
vn -0.123598 0.768985 -0.627205
vn -0.268294 0.353636 -0.896080
vn 0.057201 0.755360 -0.652809
vn 0.271901 0.961171 -0.047116
vn 0.292207 0.921308 0.256527
vn -0.414972 0.658078 0.628277
vn -0.357953 0.688572 0.630665
vn -0.759457 0.495712 0.421302
vn -0.662645 0.105439 0.741475
vn -0.794005 0.063574 0.604578
vn -0.768178 0.144563 0.623702
vn -0.765424 0.208876 0.608685
vn -0.746602 -0.021196 0.664933
vn -0.859480 -0.039309 0.509655
vn -0.980975 -0.186066 -0.055380
vn -0.729610 0.528372 0.434157
vn -0.738197 0.430388 0.519453
vn -0.816718 0.223614 0.531947
vn -0.590493 0.455627 0.666124
vn -0.502648 0.562911 0.656107
vn -0.874905 -0.479932 -0.064851
vn -0.648037 -0.761108 0.027607
vn 0.090888 -0.969096 -0.229329
vn 0.491153 -0.595371 -0.635847
vn 0.171139 -0.208602 -0.962911
vn 0.091720 0.106645 -0.990058
vn 0.488244 0.545387 -0.681301
vn 0.657795 0.698583 -0.281579
vn 0.690727 0.691751 -0.210656
vn -0.357945 0.918005 -0.170710
vn -0.875965 0.401149 0.267890
vn -0.226008 0.426993 0.875555
vn 0.020930 0.845435 0.533668
vn -0.081748 -0.120757 0.989310
vn -0.747468 -0.388887 0.538570
vn 0.073272 0.021124 0.997088
vn -0.726260 -0.031103 -0.686716
vn -0.308648 0.552631 -0.774167
vn 0.094088 0.037011 -0.994876
vn 0.012668 -0.479018 -0.877714
vn -0.750179 -0.571399 -0.332769
vn -0.072108 -0.912347 -0.403018
vn 0.272510 0.877689 -0.394208
vn 0.250793 -0.594362 -0.764092
vn 0.244190 -0.927741 -0.282254
vn 0.253900 -0.300869 -0.919246
vn -0.785517 -0.612068 0.091300
vn -0.014842 -0.865300 0.501035
vn 0.237137 -0.810254 0.535961
vn -0.943555 0.186925 -0.273427
vn -0.337688 0.796743 -0.501166
vn 0.157494 0.645996 -0.746917
vn -0.159186 0.976399 0.145962
vn -0.492131 0.466665 0.734868
vn -0.404846 -0.298379 0.864332
vn -0.442684 -0.830851 0.337220
vn -0.528121 -0.717588 -0.454043
vn -0.346912 -0.264433 -0.899849
vn -0.070180 0.328278 -0.941971
vn 0.052523 0.739791 -0.670783
vn 0.078390 0.927842 -0.364643
vn -0.150540 0.672181 0.724921
vn 0.397996 0.203375 0.894560
vn 0.920876 0.330349 0.207019
vn 0.441195 0.897131 -0.022432
vn -0.355379 0.934086 0.034499
vn -0.063712 0.950671 -0.303587
vn -0.109892 0.759169 -0.641549
vn -0.031051 0.721227 -0.692003
vn -0.094800 0.780580 -0.617825
vn -0.529411 0.842589 0.098828
vn -0.395539 0.487955 0.778106
vn 0.219603 0.121365 0.968011
vn 0.453488 -0.104341 0.885134
vn 0.477761 0.039241 0.877613
vn 0.901190 0.389854 0.189396
vn 0.352471 -0.350884 0.867551
vn 0.286688 -0.139880 0.947757
vn 0.107333 0.598034 0.794252
vn 0.681113 0.313577 0.661630
vn 0.638081 0.306604 0.706291
vn 0.209638 0.855422 0.473608
vn -0.147112 0.981277 -0.124314
vn -0.102803 0.731019 -0.674568
vn 0.159582 0.553256 -0.817583
vn 0.157126 0.586843 -0.794309
vn 0.174207 0.503672 -0.846148
vn 0.290384 0.531928 -0.795443
vn 0.524203 0.078253 -0.847991
vn 0.534150 0.065395 -0.842857
vn 0.542417 0.068423 -0.837318
vn 0.652662 0.083491 -0.753035
vn 0.465019 0.015148 -0.885171
vn 0.552094 -0.001710 -0.833780
vn 0.361464 0.178819 -0.915078
vn 0.276342 0.473274 -0.836449
vn -0.077865 0.696831 0.712997
vn 0.389977 -0.092948 0.916122
vn 0.402492 0.902427 -0.153710
vn 0.876009 0.384732 0.290843
vn 0.489311 -0.719763 0.492459
vn 0.013552 0.208945 -0.977833
vn 0.677204 -0.664687 0.315573
vn 0.972825 -0.124476 -0.195239
vn 0.607169 -0.729729 -0.314390
vn 0.691902 -0.526220 -0.494332
vn 0.732553 0.230222 -0.640596
vn 0.310677 0.071890 -0.947793
vn 0.348209 0.501306 -0.792113
vn -0.087263 0.578149 -0.811252
vn 0.242390 -0.222025 -0.944432
vn -0.008148 0.851566 -0.524184
vn 0.430421 0.200977 -0.879969
vn 0.593783 0.203420 -0.778487
vn 0.433329 0.235830 -0.869834
vn 0.433841 0.250983 -0.865326
vn 0.461834 0.683167 -0.565679
vn 0.879090 0.260309 -0.399299
vn 0.867482 0.231401 -0.440373
vn -0.060598 0.821043 -0.567641
vn -0.185067 0.833751 -0.520201
vn -0.217791 0.847897 -0.483362
vn -0.242075 0.852499 -0.463298
vn 0.279028 0.285707 -0.916796
vn 0.189769 0.971977 0.138740
vn 0.282672 0.768843 -0.573565
vn -0.186207 0.786254 -0.589179
vn 0.695578 -0.351798 -0.626426
vn 0.844644 -0.529101 0.081423
vn 0.631484 0.082486 0.770989
vn 0.040901 0.888224 0.457586
vn -0.329100 0.944185 -0.014387
vn -0.231954 0.959250 -0.161359
vn 0.428133 -0.720510 0.545497
vn 0.512928 -0.827119 -0.229738
vn 0.163400 -0.354086 -0.920828
vn 0.085195 -0.004939 -0.996352
vn 0.892347 0.394634 -0.219047
vn 0.763623 0.310790 0.565941
vn 0.222246 0.853835 0.470715
vn 0.214631 0.963180 0.161919
vn -0.283031 0.619018 0.732605
vn -0.505962 0.665233 0.549060
vn -0.300478 -0.102198 0.948298
vn -0.784594 -0.255425 0.564951
vn -0.329850 -0.929712 0.163816
vn -0.125311 -0.842564 0.523816
vn 0.611721 -0.753624 -0.240518
vn 0.635991 -0.723066 0.269611
vn 0.667555 0.170742 -0.724719
vn -0.593510 0.804492 -0.023210
# 479 normals

usemtl Default
f 451/749/451 438/750/438 439/751/439 450/752/450
f 442/753/442 454/754/454 437/755/437 440/756/440
f 455/757/455 444/758/444 437/755/437 454/754/454
f 451/749/451 437/759/437 444/760/444 452/761/452
f 485/762/485 438/750/438 441/763/441 486/764/486
f 484/765/484 439/751/439 438/750/438 485/762/485
f 482/766/482 448/767/448 439/751/439 484/765/484
f 450/752/450 440/768/440 437/759/437 451/749/451
f 452/769/452 441/770/441 438/750/438 451/749/451
f 454/754/454 442/753/442 443/771/443 455/757/455
f 459/772/459 449/773/449 456/774/456 460/775/460
f 458/776/458 447/777/447 449/773/449 459/772/459
f 483/778/483 457/779/457 448/767/448 482/766/482
f 461/780/461 446/781/446 447/782/447 458/776/458
f 462/783/462 445/784/445 446/781/446 461/780/461
f 439/751/439 448/767/448 463/785/463 464/786/464
f 464/786/464 465/787/465 450/752/450 439/751/439
f 465/788/465 466/789/466 440/768/440 450/752/450
f 467/790/467 463/791/463 448/767/448 457/779/457
f 468/792/468 453/793/453 442/753/442 440/756/440
f 468/792/468 440/756/440 466/794/466 469/795/469
f 470/796/470 469/797/469 466/798/466 465/799/465
f 470/796/470 465/799/465 464/800/464 471/801/471
f 463/802/463 467/803/467 471/801/471 464/800/464
f 473/804/473 471/801/471 467/803/467 472/805/472
f 470/796/470 471/801/471 473/804/473 469/797/469
f 468/792/468 469/795/469 474/806/474 453/793/453
f 473/804/473 475/807/475 474/808/474 469/797/469
f 472/805/472 476/809/476 475/807/475 473/804/473
f 478/810/478 477/811/477 467/812/467 457/813/457
f 477/814/477 479/815/479 472/805/472 467/803/467
f 480/816/480 476/809/476 472/805/472 479/815/479
f 479/815/479 477/814/477 478/810/478 480/816/480
f 482/766/482 459/772/459 460/775/460 483/778/483
f 484/765/484 458/776/458 459/772/459 482/766/482
f 485/762/485 461/780/461 458/776/458 484/765/484
f 486/817/486 462/818/462 461/780/461 485/762/485
f 483/819/483 481/820/481 478/810/478 457/813/457
f 460/821/460 510/822/510 481/820/481 483/819/483
f 509/823/509 487/824/487 481/825/481 510/826/510
f 489/827/489 478/810/478 481/820/481
f 490/828/490 480/816/480 478/810/478 489/827/489
f 490/828/490 491/829/491 492/830/492 480/816/480
f 476/809/476 480/816/480 492/830/492 493/831/493
f 475/807/475 476/809/476 493/831/493 474/808/474
f 488/832/488 460/833/460 456/834/456 494/835/494
f 495/836/495 490/837/490 489/838/489 496/839/496
f 496/839/496 489/838/489 481/840/481 487/824/487
f 497/841/497 491/842/491 490/837/490 495/836/495
f 505/843/505 498/844/498 487/824/487 509/823/509
f 487/824/487 498/844/498 500/845/500 496/839/496
f 501/846/501 495/836/495 496/839/496 500/845/500
f 502/847/502 497/841/497 495/836/495 501/846/501
f 504/848/504 499/849/499 488/832/488 494/835/494
f 506/850/506 500/845/500 498/851/498 505/852/505
f 506/850/506 504/853/504 503/854/503 507/855/507
f 505/852/505 499/856/499 504/853/504 506/850/506
f 507/855/507 501/846/501 500/845/500 506/850/506
f 508/857/508 502/847/502 501/846/501 507/855/507
f 509/823/509 488/832/488 499/849/499 505/843/505
f 510/826/510 460/858/460 488/832/488 509/823/509
f 514/859/514 511/860/511 512/861/512 513/862/513
f 515/863/515 518/864/518 517/865/517 516/866/516
f 513/862/513 515/863/515 516/866/516 514/859/514
f 520/867/520 521/868/521 522/869/522 519/870/519
f 514/859/514 516/866/516 522/869/522 521/868/521
f 526/871/526 525/872/525 524/873/524 523/874/523
f 527/875/527 528/876/528 523/877/523 524/878/524
f 568/879/568 530/880/530 529/881/529 569/882/569
f 567/883/567 531/884/531 530/885/530 568/886/568
f 564/887/564 532/888/532 531/889/531 567/890/567
f 565/891/565 533/892/533 532/893/532 564/894/564
f 565/895/565 523/877/523 528/876/528 566/896/566
f 535/897/535 536/898/536 533/899/533 534/900/534
f 538/901/538 537/902/537 536/898/536 535/897/535
f 539/903/539 533/892/533 536/904/536 537/905/537
f 540/906/540 532/893/532 533/892/533 539/903/539
f 532/888/532 540/907/540 541/908/541 531/889/531
f 541/909/541 542/910/542 543/911/543 531/912/531
f 542/913/542 512/914/512 511/915/511 543/916/543
f 511/915/511 530/885/530 531/884/531 543/916/543
f 521/868/521 530/917/530 511/918/511 514/859/514
f 521/868/521 520/867/520 529/919/529 530/917/530
f 545/920/545 539/903/539 537/905/537 544/921/544
f 545/920/545 546/922/546 540/906/540 539/903/539
f 540/907/540 546/923/546 547/924/547 541/908/541
f 547/924/547 548/925/548 542/910/542 541/909/541
f 542/913/542 548/926/548 549/927/549 512/914/512
f 550/928/550 513/862/513 512/861/512 549/929/549
f 515/863/515 513/862/513 550/928/550
f 545/920/545 544/921/544 552/930/552 546/922/546
f 553/931/553 547/924/547 546/923/546 552/932/552
f 553/931/553 554/933/554 548/925/548 547/924/547
f 548/926/548 554/934/554 556/935/556 555/936/555
f 557/937/557 549/927/549 548/926/548 555/936/555
f 557/938/557 558/939/558 550/940/550 549/941/549
f 550/940/550 558/939/558 518/864/518 515/863/515
f 517/865/517 519/942/519 522/869/522 516/866/516
f 518/864/518 551/943/551 559/944/559 517/865/517
f 552/945/552 560/946/560 554/933/554 553/931/553
f 561/947/561 556/935/556 554/934/554 560/948/560
f 560/949/560 552/950/552 562/951/562 561/952/561
f 563/953/563 562/951/562 552/950/552 544/954/544
f 563/953/563 544/954/544 537/902/537 538/901/538
f 564/894/564 526/871/526 523/874/523 565/891/565
f 566/896/566 534/900/534 533/899/533 565/895/565
f 567/890/567 525/955/525 526/956/526 564/887/564
f 568/886/568 524/873/524 525/872/525 567/883/567
f 569/882/569 527/875/527 524/878/524 568/879/568
f 585/957/585 571/958/571 570/959/570 586/960/586
f 570/961/570 571/958/571 574/962/574 575/963/575
f 588/964/588 575/965/575 574/962/574 587/966/587
f 583/967/583 577/968/577 576/969/576 582/970/582
f 587/966/587 574/962/574 584/971/584 589/972/589
f 584/971/584 574/962/574 571/958/571 585/957/585
f 590/973/590 580/974/580 581/975/581 591/976/591
f 580/974/580 572/977/572 573/978/573 581/975/581
f 582/970/582 578/979/578 579/980/579 583/967/583
f 589/972/589 584/971/584 580/974/580 590/973/590
f 585/957/585 572/977/572 580/974/580 584/971/584
f 586/960/586 573/981/573 572/977/572 585/957/585
f 587/966/587 576/969/576 577/982/577 588/983/588
f 589/972/589 582/970/582 576/969/576 587/966/587
f 590/973/590 578/979/578 582/970/582 589/972/589
f 591/984/591 579/980/579 578/979/578 590/973/590
f 594/985/594 583/967/583 579/980/579 592/986/592
f 583/967/583 594/985/594 593/987/593 577/968/577
f 591/984/591 595/988/595 592/986/592 579/980/579
f 915/989/915 595/990/595 591/976/591 581/975/581
f 588/983/588 577/982/577 593/991/593 596/992/596
f 575/965/575 588/964/588 596/993/596 597/994/597
f 598/995/598 570/961/570 575/963/575 597/996/597
f 598/997/598 599/998/599 586/960/586 570/959/570
f 599/998/599 600/999/600 573/981/573 586/960/586
f 573/978/573 600/1000/600 915/989/915 581/975/581
f 602/1001/602 601/1002/601 598/995/598 597/996/597
f 596/993/596 603/1003/603 602/1004/602 597/994/597
f 603/1005/603 596/992/596 593/991/593 604/1006/604
f 605/1007/605 606/1008/606 607/1009/607 608/1010/608
f 607/1009/607 606/1008/606 609/1011/609 610/1012/610
f 608/1010/608 607/1009/607 610/1013/610 611/1014/611
f 608/1010/608 612/1015/612 613/1016/613 605/1007/605
f 612/1015/612 608/1010/608 611/1014/611 614/1017/614
f 616/1018/616 614/1017/614 611/1014/611 615/1019/615
f 611/1014/611 610/1013/610 617/1020/617 615/1021/615
f 618/1022/618 617/1023/617 610/1012/610 609/1011/609
f 609/1024/609 619/1025/619 620/1026/620 618/1027/618
f 621/1028/621 619/1025/619 609/1024/609 606/1008/606
f 622/1029/622 621/1028/621 606/1008/606 605/1007/605
f 605/1007/605 613/1030/613 623/1031/623 622/1029/622
f 621/1028/621 622/1029/622 624/1032/624 625/1033/625
f 622/1029/622 623/1031/623 626/1034/626 624/1032/624
f 625/1033/625 627/1035/627 619/1025/619 621/1028/621
f 628/1036/628 620/1037/620 619/1025/619 627/1035/627
f 626/1038/626 627/1039/627 625/1033/625 624/1032/624
f 629/1040/629 628/1041/628 627/1039/627 626/1038/626
f 623/1031/623 630/1042/630 629/1043/629 626/1034/626
f 613/1030/613 631/1044/631 630/1042/630 623/1031/623
f 612/1015/612 614/1045/614 631/1046/631 613/1016/613
f 632/1047/632 631/1046/631 614/1045/614 616/1048/616
f 632/1049/632 633/1050/633 630/1042/630 631/1044/631
f 634/1051/634 629/1043/629 630/1042/630 633/1052/633
f 634/1053/634 635/1054/635 628/1041/628 629/1040/629
f 637/1055/637 638/1056/638 639/1057/639 636/1058/636
f 638/1059/638 637/1060/637 640/1061/640 641/1062/641
f 643/1063/643 641/1064/641 640/1061/640 642/1065/642
f 641/1064/641 643/1063/643 644/1066/644 645/1067/645
f 645/1068/645 646/1069/646 638/1059/638 641/1062/641
f 639/1057/639 638/1056/638 646/1070/646 647/1071/647
f 645/1067/645 644/1066/644 648/1072/648 646/1070/646
f 649/1073/649 647/1071/647 646/1070/646 648/1072/648
f 640/1061/640 637/1060/637 650/1074/650 642/1065/642
f 637/1055/637 636/1058/636 651/1075/651 650/1076/650
f 652/1077/652 642/1078/642 650/1076/650 651/1075/651
f 643/1079/643 642/1078/642 652/1077/652 653/1080/653
f 653/1080/653 654/1081/654 644/1082/644 643/1079/643
f 648/1083/648 644/1082/644 654/1081/654 649/1084/649
f 670/1085/670 663/1086/663 658/1087/658 669/1088/669
f 688/1089/688 658/1087/658 663/1086/663 689/1090/689
f 664/1091/664 660/1092/660 662/1093/662 665/1094/665
f 689/1090/689 663/1086/663 657/1095/657 690/1096/690
f 665/1094/665 661/1097/661 659/1098/659 664/1091/664
f 670/1085/670 666/1099/666 656/1100/656 671/1101/671
f 672/1102/672 659/1103/659 661/1104/661 673/1105/673
f 686/1106/686 669/1107/669 658/1108/658 688/1109/688
f 669/1088/669 655/1110/655 666/1099/666 670/1085/670
f 671/1111/671 657/1112/657 663/1086/663 670/1085/670
f 687/1113/687 655/1114/655 669/1107/669 686/1106/686
f 673/1105/673 667/1115/667 668/1116/668 672/1102/672
f 680/1117/680 662/1093/662 660/1092/660 682/1118/682
f 690/1096/690 657/1095/657 683/1119/683 691/1120/691
f 683/1121/683 657/1112/657 671/1111/671 684/1122/684
f 684/1123/684 671/1101/671 656/1100/656 685/1124/685
f 681/1125/681 665/1126/665 662/1127/662 680/1128/680
f 680/1128/680 676/1129/676 679/1130/679 681/1125/681
f 682/1118/682 675/1131/675 676/1132/676 680/1117/680
f 691/1120/691 683/1119/683 674/1133/674 692/1134/692
f 684/1122/684 677/1135/677 674/1136/674 683/1121/683
f 685/1124/685 678/1137/678 677/1138/677 684/1123/684
f 661/1104/661 665/1139/665 681/1140/681 673/1105/673
f 667/1115/667 673/1105/673 681/1140/681 679/1141/679
f 686/1106/686 672/1102/672 668/1116/668 687/1142/687
f 688/1109/688 659/1103/659 672/1102/672 686/1106/686
f 689/1090/689 664/1091/664 659/1098/659 688/1089/688
f 690/1143/690 660/1144/660 664/1091/664 689/1090/689
f 691/1145/691 682/1146/682 660/1144/660 690/1143/690
f 692/1147/692 675/1148/675 682/1146/682 691/1145/691
f 693/1149/693 694/1150/694 687/1142/687 668/1116/668
f 695/1151/695 693/1149/693 668/1116/668 667/1115/667
f 695/1151/695 667/1115/667 679/1141/679 696/1152/696
f 697/1153/697 696/1154/696 679/1130/679 676/1129/676
f 675/1131/675 698/1155/698 697/1156/697 676/1132/676
f 698/1157/698 675/1148/675 692/1147/692 699/1158/699
f 692/1134/692 674/1133/674 700/1159/700 699/1160/699
f 674/1136/674 677/1135/677 701/1161/701 700/1162/700
f 677/1138/677 678/1137/678 702/1163/702 701/1164/701
f 695/1165/695 696/1154/696 697/1153/697 703/1166/703
f 697/1153/697 698/1167/698 704/1168/704 703/1166/703
f 695/1165/695 703/1166/703 705/1169/705 693/1170/693
f 703/1166/703 704/1171/704 706/1172/706 705/1169/705
f 699/1173/699 700/1174/700 701/1175/701 698/1167/698
f 704/1168/704 698/1167/698 701/1175/701 702/1176/702
f 704/1171/704 702/1177/702 707/1178/707 706/1172/706
f 702/1179/702 678/1180/678 685/1181/685 707/1182/707
f 707/1182/707 685/1181/685 656/1100/656 666/1099/666
f 705/1169/705 706/1183/706 694/1184/694 693/1170/693
f 706/1183/706 707/1185/707 655/1114/655 694/1184/694
f 707/1182/707 666/1099/666 655/1110/655
f 687/1113/687 694/1184/694 655/1114/655
f 749/1186/749 745/1187/745 710/1188/710 748/1189/748
f 758/1190/758 708/1191/708 744/1192/744 757/1193/757
f 751/1194/751 712/1195/712 747/1196/747 752/1197/752
f 760/1198/760 714/1199/714 746/1200/746 761/1201/761
f 758/1190/758 712/1195/712 751/1194/751 759/1202/759
f 786/1203/786 762/1204/762 715/1205/715 787/1206/787
f 788/1207/788 753/1208/753 713/1209/713 789/1210/789
f 754/1211/754 718/1212/718 719/1213/719 755/1214/755
f 789/1215/789 713/1216/713 722/1217/722 790/1218/790
f 765/1219/765 711/1220/711 723/1221/723 766/1222/766
f 725/1223/725 724/1224/724 723/1221/723 711/1220/711
f 779/1225/779 726/1226/726 710/1227/710 785/1228/785
f 748/1229/748 710/1227/710 726/1226/726 756/1230/756
f 727/1231/727 717/1232/717 729/1233/729 728/1234/728
f 763/1235/763 716/1236/716 730/1237/730 764/1238/764
f 716/1236/716 720/1239/720 731/1240/731 730/1237/730
f 790/1218/790 722/1217/722 732/1241/732 791/1242/791
f 766/1222/766 723/1221/723 734/1243/734 767/1244/767
f 735/1245/735 734/1243/734 723/1221/723 724/1224/724
f 791/1242/791 732/1241/732 738/1246/738 792/1247/792
f 767/1244/767 734/1243/734 736/1248/736 768/1249/768
f 734/1243/734 735/1245/735 739/1250/739 736/1248/736
f 741/1251/741 736/1248/736 739/1250/739 742/1252/742
f 792/1247/792 738/1246/738 743/1253/743 793/1254/793
f 768/1249/768 736/1248/736 741/1251/741 769/1255/769
f 749/1186/749 744/1256/744 708/1191/708 750/1257/750
f 761/1201/761 746/1200/746 715/1205/715 762/1204/762
f 752/1197/752 747/1196/747 713/1209/713 753/1208/753
f 757/1193/757 744/1192/744 711/1258/711 765/1259/765
f 748/1189/748 711/1260/711 744/1256/744 749/1186/749
f 750/1257/750 709/1261/709 745/1187/745 749/1186/749
f 759/1202/759 751/1194/751 714/1199/714 760/1198/760
f 752/1262/752 746/1263/746 714/1199/714 751/1194/751
f 753/1264/753 715/1265/715 746/1263/746 752/1262/752
f 787/1266/787 715/1265/715 753/1264/753 788/1267/788
f 755/1214/755 720/1239/720 716/1236/716 754/1211/754
f 756/1230/756 725/1268/725 711/1269/711 748/1229/748
f 757/1270/757 747/1271/747 712/1195/712 758/1190/758
f 759/1202/759 750/1257/750 708/1191/708 758/1190/758
f 760/1198/760 709/1261/709 750/1257/750 759/1202/759
f 761/1272/761 745/1273/745 709/1261/709 760/1198/760
f 762/1274/762 710/1275/710 745/1273/745 761/1272/761
f 785/1276/785 710/1275/710 762/1274/762 786/1277/786
f 764/1238/764 729/1233/729 717/1232/717 763/1235/763
f 765/1278/765 713/1279/713 747/1271/747 757/1270/757
f 766/1280/766 722/1281/722 713/1282/713 765/1283/765
f 767/1244/767 732/1284/732 722/1281/722 766/1280/766
f 768/1249/768 738/1285/738 732/1284/732 767/1244/767
f 769/1286/769 743/1287/743 738/1285/738 768/1249/768
f 771/1288/771 742/1252/742 739/1250/739 770/1289/770
f 735/1245/735 772/1290/772 770/1291/770 739/1250/739
f 735/1245/735 724/1224/724 725/1292/725 772/1293/772
f 780/1294/780 756/1295/756 726/1296/726 779/1297/779
f 780/1294/780 728/1298/728 773/1299/773 781/1300/781
f 781/1300/781 773/1299/773 774/1301/774 782/1302/782
f 782/1303/782 774/1304/774 775/1305/775 783/1306/783
f 783/1307/783 775/1308/775 776/1309/776 784/1310/784
f 728/1234/728 729/1233/729 777/1311/777 773/1312/773
f 775/1305/775 774/1304/774 773/1313/773 777/1314/777
f 775/1308/775 777/1315/777 778/1316/778 776/1309/776
f 779/1317/779 727/1318/727 728/1298/728 780/1294/780
f 781/1300/781 725/1292/725 756/1295/756 780/1294/780
f 782/1302/782 772/1293/772 725/1292/725 781/1300/781
f 783/1306/783 770/1291/770 772/1290/772 782/1303/782
f 784/1310/784 771/1288/771 770/1289/770 783/1307/783
f 785/1228/785 717/1232/717 727/1231/727 779/1225/779
f 786/1277/786 763/1319/763 717/1320/717 785/1276/785
f 787/1206/787 716/1321/716 763/1322/763 786/1203/786
f 788/1267/788 754/1323/754 716/1324/716 787/1266/787
f 789/1210/789 718/1325/718 754/1326/754 788/1207/788
f 790/1218/790 721/1327/721 718/1328/718 789/1215/789
f 791/1242/791 733/1329/733 721/1327/721 790/1218/790
f 792/1247/792 737/1330/737 733/1329/733 791/1242/791
f 793/1254/793 740/1331/740 737/1330/737 792/1247/792
f 818/1332/818 796/1333/796 797/1334/797 817/1335/817
f 818/1336/818 795/1337/795 799/1338/799 819/1339/819
f 797/1334/797 796/1333/796 798/1340/798 800/1341/800
f 814/1342/814 795/1343/795 794/1344/794 815/1345/815
f 822/1346/822 801/1347/801 802/1348/802 823/1349/823
f 811/1350/811 799/1351/799 795/1343/795 814/1342/814
f 821/1352/821 805/1353/805 801/1347/801 822/1354/822
f 824/1355/824 815/1345/815 794/1344/794 825/1356/825
f 825/1357/825 794/1344/794 817/1335/817
f 809/1358/809 806/1359/806 804/1360/804 808/1361/808
f 808/1362/808 804/1363/804 803/1364/803 810/1365/810
f 819/1366/819 799/1351/799 811/1350/811 820/1367/820
f 812/1368/812 806/1359/806 809/1369/809 813/1370/813
f 820/1367/820 811/1350/811 805/1353/805 821/1352/821
f 813/1371/813 800/1372/800 798/1373/798 812/1368/812
f 814/1342/814 801/1347/801 805/1353/805 811/1350/811
f 815/1345/815 802/1348/802 801/1347/801 814/1342/814
f 823/1374/823 802/1348/802 815/1345/815 824/1375/824
f 817/1335/817 794/1344/794 795/1343/795 818/1332/818
f 819/1339/819 798/1340/798 796/1333/796 818/1336/818
f 820/1367/820 812/1368/812 798/1373/798 819/1366/819
f 821/1352/821 806/1359/806 812/1368/812 820/1367/820
f 822/1354/822 804/1360/804 806/1359/806 821/1352/821
f 823/1349/823 803/1364/803 804/1363/804 822/1346/822
f 824/1375/824 816/1376/816 803/1377/803 823/1374/823
f 825/1356/825 807/1378/807 816/1379/816 824/1355/824
f 817/1335/817 797/1380/797 807/1381/807 825/1357/825
f 844/1382/844 828/1383/828 829/1384/829 846/1385/846
f 846/1385/846 829/1384/829 831/1386/831 847/1387/847
f 884/1388/884 833/1389/833 848/1390/848 885/1391/885
f 886/1392/886 832/1393/832 834/1394/834 887/1395/887
f 835/1396/835 836/1397/836 826/1398/826 830/1399/830
f 827/1400/827 826/1401/826 836/1402/836 837/1403/837
f 837/1404/837 838/1405/838 839/1406/839 827/1407/827
f 845/1408/845 840/1409/840 828/1383/828 844/1382/844
f 838/1405/838 841/1410/841 842/1411/842 839/1406/839
f 844/1382/844 827/1407/827 839/1406/839 845/1408/845
f 846/1385/846 826/1401/826 827/1400/827 844/1382/844
f 847/1387/847 830/1399/830 826/1398/826 846/1385/846
f 885/1391/885 848/1390/848 832/1393/832 886/1392/886
f 843/1412/843 845/1408/845 839/1406/839 842/1411/842
f 834/1394/834 832/1393/832 849/1413/849 850/1414/850
f 849/1413/849 832/1393/832 848/1390/848 851/1415/851
f 833/1389/833 852/1416/852 851/1415/851 848/1390/848
f 879/1417/879 853/1418/853 854/1419/854 880/1420/880
f 877/1421/877 855/1422/855 853/1418/853 879/1417/879
f 878/1423/878 856/1424/856 855/1422/855 877/1421/877
f 854/1419/854 853/1418/853 857/1425/857 858/1426/858
f 853/1418/853 855/1422/855 859/1427/859 857/1425/857
f 855/1422/855 856/1424/856 860/1428/860 859/1427/859
f 862/1429/862 861/1430/861 843/1412/843 842/1411/842
f 894/1431/894 864/1432/864 863/1433/863 895/1434/895
f 867/1435/867 862/1436/862 842/1437/842 865/1438/865
f 893/1439/893 868/1440/868 864/1441/864 894/1442/894
f 865/1443/865 869/1444/869 870/1445/870 867/1446/867
f 892/1447/892 871/1448/871 868/1440/868 893/1439/893
f 888/1449/888 873/1450/873 871/1448/871 892/1447/892
f 859/1451/859 860/1452/860 874/1453/874 866/1454/866
f 870/1455/870 869/1456/869 875/1457/875 872/1458/872
f 872/1459/872 875/1460/875 866/1461/866 874/1453/874
f 891/1462/891 876/1463/876 873/1450/873 888/1449/888
f 881/1464/881 852/1416/852 833/1389/833 884/1388/884
f 877/1421/877 851/1465/851 852/1466/852 878/1423/878
f 879/1417/879 849/1467/849 851/1465/851 877/1421/877
f 880/1420/880 850/1468/850 849/1467/849 879/1417/879
f 882/1469/882 878/1423/878 852/1466/852 881/1464/881
f 882/1469/882 828/1470/828 840/1471/840 883/1472/883
f 881/1464/881 829/1473/829 828/1470/828 882/1469/882
f 883/1472/883 856/1424/856 878/1423/878 882/1469/882
f 884/1388/884 831/1474/831 829/1473/829 881/1464/881
f 885/1391/885 847/1475/847 831/1474/831 884/1388/884
f 886/1392/886 830/1476/830 847/1475/847 885/1391/885
f 887/1395/887 835/1477/835 830/1476/830 886/1392/886
f 868/1440/868 871/1448/871 863/1478/863 864/1441/864
f 873/1450/873 876/1463/876 863/1479/863 871/1448/871
f 845/1408/845 843/1412/843 889/1480/889 840/1409/840
f 840/1471/840 889/1481/889 890/1482/890 883/1472/883
f 860/1428/860 856/1424/856 883/1472/883 890/1482/890
f 888/1449/888 872/1459/872 874/1453/874 891/1462/891
f 892/1447/892 870/1455/870 872/1458/872 888/1449/888
f 893/1439/893 867/1446/867 870/1445/870 892/1447/892
f 894/1442/894 862/1436/862 867/1435/867 893/1439/893
f 895/1434/895 861/1430/861 862/1429/862 894/1431/894
f 890/1483/890 891/1462/891 874/1453/874 860/1452/860
f 896/1484/896 889/1480/889 843/1412/843 861/1430/861
f 896/1485/896 891/1462/891 890/1483/890 889/1486/889
f 897/1487/897 896/1484/896 861/1430/861 895/1434/895
f 895/1488/895 863/1489/863 876/1463/876 897/1490/897
f 897/1490/897 876/1463/876 891/1462/891 896/1485/896
f 869/1444/869 865/1443/865 898/1491/898 899/1492/899
f 898/1493/898 865/1438/865 842/1437/842 841/1494/841
f 869/1456/869 899/1495/899 900/1496/900 875/1457/875
f 857/1497/857 859/1451/859 866/1454/866 901/1498/901
f 900/1499/900 901/1500/901 866/1461/866 875/1460/875
f 904/1501/904 903/1502/903 902/1503/902 905/1504/905
f 905/1504/905 907/1505/907 906/1506/906 904/1501/904
f 907/1505/907 909/1507/909 908/1508/908 906/1506/906
f 911/1509/911 908/1508/908 909/1507/909 910/1510/910
f 910/1511/910 912/1512/912 913/1513/913 911/1514/911
f 913/1513/913 912/1512/912 902/1503/902 903/1502/903
f 904/1515/904 906/1516/906 908/1517/908 903/1518/903
f 903/1518/903 908/1517/908 911/1514/911 913/1513/913
f 599/998/599 598/997/598 601/1519/601 914/1520/914

# 857 faces
